Country Name,Country Code,Indicator Name,Indicator Code,1960,1961,1962,1963,1964,1965,1966,1967,1968,1969,1970,1971,1972,1973,1974,1975,1976,1977,1978,1979,1980,1981,1982,1983,1984,1985,1986,1987,1988,1989,1990,1991,1992,1993,1994,1995,1996,1997,1998,1999,2000,2001,2002,2003,2004,2005,2006,2007,2008,2009,2010,2011,2012,2013,2014,2015,2016,2017,2018,2019,2020,2021,2022,2023
Aruba,ABW,"GNI per capita, Atlas method (current US$)",NY.GNP.PCAP.CD,,,,,,,,,,,,,,,,,,,,,,,,,,,,,9840,11110,11570,12560,13610,14640,16060,16930,17150,17980,18230,18320,20390,20510,19290,21120,24010,20380,24870,23390,27580,24930,23390,23400,24440,25500,25520,25320,26200,27960,28910,29450,23340,30180,33410,
Africa Eastern and Southern,AFE,"GNI per capita, Atlas method (current US$)",NY.GNP.PCAP.CD,,,,,,,,,,,,,,,,,,,,,,,,619.4632569,592.0566807,527.3269094,521.6119272,578.2779445,666.2527096,709.5496935,716.8369958,755.3083775,707.2971738,700.6528875,689.4823117,723.8308191,738.7055243,741.0083486,683.4913663,664.1451315,659.3856631,632.8745049,619.0405352,670.3556248,816.1132458,1021.360526,1148.840053,1258.225458,1341.803048,1365.833143,1443.505018,1580.908828,1693.133974,1721.520586,1700.025302,1584.54599,1468.499556,1453.887075,1466.427168,1503.605834,1394.371536,1468.739907,1551.226368,
Afghanistan,AFG,"GNI per capita, Atlas method (current US$)",NY.GNP.PCAP.CD,,,,,,,,,,,,,,,,,,,,,,,,,,,,,,,,,,,,,,,,,,,,,,,,,370,460,530,550,640,670,640,600,560,530,520,520,490,380,,
Africa Western and Central,AFW,"GNI per capita, Atlas method (current US$)",NY.GNP.PCAP.CD,,,,,,,,,,,,,,,,,,,,,,,,,,,,,,,,,,,,,,,,,,,,,,,,,1433.689308,1502.387308,1559.582172,1595.304534,1767.387507,1928.66651,2100.321658,2012.48659,1787.007931,1606.807274,1630.100962,1703.266895,1696.808587,1747.663362,1787.613775,
Angola,AGO,"GNI per capita, Atlas method (current US$)",NY.GNP.PCAP.CD,,,,,,,,,,,,,,,,,,,,,,,,,,590,670,670,650,860,780,900,330,290,190,370,340,430,390,330,360,390,590,710,1010,1370,1810,2460,3030,3170,3230,3410,4160,4710,4810,3930,2550,2090,1970,2110,1690,1640,1880,
Albania,ALB,"GNI per capita, Atlas method (current US$)",NY.GNP.PCAP.CD,,,,,,,,,,,,,,,,,,,,,,,,,,,700,730,730,760,650,410,280,320,380,640,890,800,860,950,1100,1280,1370,1650,2100,2620,3050,3460,4040,4280,4360,4410,4360,4540,4540,4390,4320,4290,4860,5230,5270,6100,6770,
Andorra,AND,"GNI per capita, Atlas method (current US$)",NY.GNP.PCAP.CD,,,,,,,,,,,,,,,,,,,,,,,,,,,,,,,,,,,,,,,,,,,,,,,,,,,,,,,,,,,,46530,42280,44350,,
Arab World,ARB,"GNI per capita, Atlas method (current US$)",NY.GNP.PCAP.CD,,,,,,,,,,,,,,,,,,,,,,,2947.274715,2566.688503,2522.629386,2479.660683,2630.200813,2674.321943,2735.478392,2637.307098,3071.543766,2334.194574,2283.567226,2185.41059,2194.850046,2237.382137,2316.098603,2403.019586,2410.441509,2428.54493,2589.575169,2696.836806,2658.458578,2837.576784,3293.121477,3747.38102,4317.58598,4945.776792,5773.091423,5871.169329,6180.937421,6199.858377,6921.293075,7323.769366,7366.813073,6917.539201,6513.721815,6105.473289,6270.873005,6451.538584,5958.123929,6284.445389,7015.982179,
United Arab Emirates,ARE,"GNI per capita, Atlas method (current US$)",NY.GNP.PCAP.CD,,,,,,,,,,,,,,,,,,,,,,,,,,,,,,,,,,,,,,,,,30050,30570,29620,31910,36840,40190,42600,41580,40490,34670,34050,37110,41810,45850,47420,46270,44460,42090,44350,46210,41600,43590,49160,
Argentina,ARG,"GNI per capita, Atlas method (current US$)",NY.GNP.PCAP.CD,,,,,,,,,,,,,,,,,,,,,,,,10550,5320,3100,3360,3510,3880,2920,3190,3860,6060,7110,7600,7340,7700,8110,7990,7540,7430,6960,4020,3640,3360,4240,5460,6480,7630,7760,9270,10710,11890,12870,12350,12600,12220,13140,12430,11220,9010,9980,11590,
Armenia,ARM,"GNI per capita, Atlas method (current US$)",NY.GNP.PCAP.CD,,,,,,,,,,,,,,,,,,,,,,,,,,,,,,,,,300,350,390,450,500,530,560,590,640,690,780,940,1160,1500,1970,2690,3510,3250,3390,3470,3840,4110,4170,4080,3850,4070,4410,4880,4470,4850,5960,
American Samoa,ASM,"GNI per capita, Atlas method (current US$)",NY.GNP.PCAP.CD,,,,,,,,,,,,,,,,,,,,,,,,,,,,,,,,,,,,,,,,,,,,,,,,,,,,,,,,,,,,,,,,
Antigua and Barbuda,ATG,"GNI per capita, Atlas method (current US$)",NY.GNP.PCAP.CD,,,,,,,,,,,,,,,,,,,,1670,2070,2310,2340,2550,3000,3430,3790,4680,5830,6280,6730,7200,7440,7950,8470,8170,8750,9140,9360,9720,10220,9980,9800,10700,11650,12670,14120,15460,15650,13960,13030,13270,14030,14650,14670,14480,14980,15710,17290,18000,15080,16430,19050,
Australia,AUS,"GNI per capita, Atlas method (current US$)",NY.GNP.PCAP.CD,,,1870,1970,2110,2270,2350,2540,2730,2980,3270,3470,3890,4650,5950,7220,7870,8080,8470,9600,10830,11870,12080,11570,12000,11990,12310,12560,14140,15600,17340,18240,18570,18950,18930,19370,20590,22060,21920,21610,21300,20330,20210,21380,25850,30740,34600,37390,42410,44100,46750,50410,60290,66090,65240,60550,54140,51530,53150,54970,53630,57240,60840,
Austria,AUT,"GNI per capita, Atlas method (current US$)",NY.GNP.PCAP.CD,,,1060,1140,1240,1340,1470,1560,1680,1850,2070,2320,2760,3580,4650,5540,5980,6660,7540,9620,11460,11180,10380,9600,9270,9360,10820,13810,18070,19300,20630,21810,24520,24870,26140,28190,30090,29560,27970,27080,26810,25320,25030,28100,33850,38770,41500,44540,49210,49150,49750,50700,50100,50720,50390,47480,46240,45040,48980,51000,48980,53150,55720,
Azerbaijan,AZE,"GNI per capita, Atlas method (current US$)",NY.GNP.PCAP.CD,,,,,,,,,,,,,,,,,,,,,,,,,,,,,,,,,,110,80,180,240,410,510,600,630,680,740,840,960,1290,1920,2730,3890,4820,5410,5570,6480,7450,7740,6610,4790,4110,4080,4510,4480,4910,5660,
Burundi,BDI,"GNI per capita, Atlas method (current US$)",NY.GNP.PCAP.CD,,,70,80,80,70,60,50,50,50,70,70,70,80,100,110,120,140,140,170,210,240,220,220,210,230,240,250,250,230,220,220,210,190,170,150,150,150,150,140,140,130,130,120,120,130,150,170,180,190,210,220,240,240,250,250,250,250,240,230,220,220,240,
Belgium,BEL,"GNI per capita, Atlas method (current US$)",NY.GNP.PCAP.CD,,,1450,1530,1670,1800,1950,2100,2270,2510,2790,3080,3640,4690,6000,6910,7580,8220,9560,11730,13980,13190,11180,9430,8860,8820,10170,13090,17010,18030,19310,20580,23170,23410,25090,27070,28550,28450,26530,25980,25890,24460,24060,27100,32910,37780,39940,42740,46570,46980,47080,46490,47130,47900,47820,45570,43400,42520,46060,48100,46100,51060,53890,
Benin,BEN,"GNI per capita, Atlas method (current US$)",NY.GNP.PCAP.CD,,,90,90,100,110,110,110,110,120,120,110,130,150,180,200,200,220,240,300,370,400,350,280,260,250,260,300,350,330,360,370,360,370,320,350,340,370,370,410,470,520,520,590,720,810,840,900,1010,1060,1050,1060,1090,1180,1230,1140,1070,1050,1150,1200,1230,1330,1400,
Burkina Faso,BFA,"GNI per capita, Atlas method (current US$)",NY.GNP.PCAP.CD,,,80,80,80,80,80,90,90,90,90,90,100,110,140,160,170,170,200,250,290,290,280,230,200,200,230,260,310,320,320,340,360,350,270,250,240,250,240,260,260,270,260,310,370,440,470,490,550,590,630,660,710,750,740,680,660,650,730,750,770,830,850,
Bangladesh,BGD,"GNI per capita, Atlas method (current US$)",NY.GNP.PCAP.CD,,,,,,,,,,,,,,120,150,200,190,160,160,180,220,250,240,220,210,210,230,260,280,290,300,310,320,320,320,330,360,390,410,420,430,430,430,460,500,540,570,600,660,720,800,890,970,1030,1100,1210,1410,1650,2020,2210,2300,2570,2820,
Bulgaria,BGR,"GNI per capita, Atlas method (current US$)",NY.GNP.PCAP.CD,,,,,,,,,,,,,,,,,,,,,,,2360,2090,2010,1950,2190,2720,3110,2830,2250,1620,1430,1250,1240,1520,1590,1460,1440,1480,1660,1770,1970,2370,3060,3800,4300,4820,6070,6680,7010,7270,7500,7600,7710,7430,7400,7620,8530,9500,9530,11050,13350,
Bahrain,BHR,"GNI per capita, Atlas method (current US$)",NY.GNP.PCAP.CD,,,,,,,,,,,,,,,,,,,,,,,8410,8970,9040,7630,6960,7410,7510,7370,8690,9330,9330,9380,8970,9550,9870,9400,9190,9080,10220,10980,11850,12950,14510,16310,17660,19570,20940,18920,19390,19150,23360,24790,24530,22740,21820,21790,23210,24420,22960,24720,27720,
"Bahamas, The",BHS,"GNI per capita, Atlas method (current US$)",NY.GNP.PCAP.CD,,,1490,1590,1700,1840,1980,2150,2350,2630,2760,2940,3000,3510,3590,4340,2920,3150,3490,4880,5700,5470,6030,6320,7340,8120,8960,10270,11130,11790,11230,10710,10900,10640,10880,13340,14840,13500,16180,22210,23790,24390,25040,25680,27200,28560,28870,29330,29270,27530,26900,26540,27170,26210,26520,26760,26960,28400,29550,30440,23040,27870,31520,
Bosnia and Herzegovina,BIH,"GNI per capita, Atlas method (current US$)",NY.GNP.PCAP.CD,,,,,,,,,,,,,,,,,,,,,,,,,,,,,,,,,,,,,740,930,1210,1260,1390,1450,1570,1830,2450,2810,3170,3680,4500,4790,4820,4900,4900,5160,5170,5130,5060,5050,5700,6160,6120,6900,7660,
Belarus,BLR,"GNI per capita, Atlas method (current US$)",NY.GNP.PCAP.CD,,,,,,,,,,,,,,,,,,,,,,,,,,,,,,,,,2700,1680,1140,1370,1450,1540,1560,1410,1380,1300,1380,1630,2170,2820,3510,4310,5470,5660,6150,6340,6630,7030,7620,6750,5640,5320,5730,6370,6410,7040,7210,
Belize,BLZ,"GNI per capita, Atlas method (current US$)",NY.GNP.PCAP.CD,,,330,340,350,370,400,420,420,420,430,460,530,610,740,860,810,860,930,1120,1410,1420,1280,1150,1170,1210,1370,1640,1920,2130,2510,2990,3690,3840,3800,3890,3910,3950,3860,4050,4470,4460,4540,4800,4970,5020,5120,5160,5130,5240,5000,5090,5240,5490,5580,5730,5600,5470,5600,5820,5120,6040,6630,
Bermuda,BMU,"GNI per capita, Atlas method (current US$)",NY.GNP.PCAP.CD,,,,,,,,,,,,,,,,,,,,,,,,,,,,,,,,,,,,,,,,,,,,,,,,,,,103480,101610,100100,101760,99920,101120,103620,112940,117000,117280,111800,120020,125210,
Bolivia,BOL,"GNI per capita, Atlas method (current US$)",NY.GNP.PCAP.CD,,,,,,,,,,,,,,,,,530,570,640,740,800,870,820,810,820,810,720,690,690,700,700,720,740,770,790,830,880,930,970,950,960,940,900,890,940,1000,1090,1210,1450,1600,1750,1970,2210,2540,2780,2900,2970,3020,3290,3440,3120,3290,3490,
Brazil,BRA,"GNI per capita, Atlas method (current US$)",NY.GNP.PCAP.CD,,,,,,,,,,,,,,,,,,,,,,,,,,,,,,9090,4310,2830,2750,2720,2960,3700,4440,5060,4920,4190,3910,3330,3080,2980,3340,3980,4830,6170,7590,8300,9610,11040,12270,12750,12080,10160,8890,8670,9140,9220,7910,7850,8140,
Barbados,BRB,"GNI per capita, Atlas method (current US$)",NY.GNP.PCAP.CD,,,,,,,,,,,,,,,,,,,,,,,,,,,5880,6680,7440,7900,7660,7640,7540,7770,8100,8460,8840,9220,9630,10050,11060,10910,10930,11590,12600,13580,14600,15930,16600,16160,15970,15450,16170,16120,16090,16200,16390,16530,17110,17680,16420,16710,19490,
Brunei Darussalam,BRN,"GNI per capita, Atlas method (current US$)",NY.GNP.PCAP.CD,,,,,,,,,,,,,,,,,,,,,,,,,,,,,,11970,12310,13400,14970,14870,14960,15580,16130,16150,14380,14000,14650,16040,17100,17770,19930,22990,27390,30620,33690,31930,32680,34830,41580,44520,42380,38250,32690,29400,29030,31880,31210,30320,31410,
Bhutan,BTN,"GNI per capita, Atlas method (current US$)",NY.GNP.PCAP.CD,,,,,,,,,,,,,,,,,,,,,,,260,240,270,270,320,450,500,520,530,450,440,430,460,470,510,560,530,560,700,750,810,900,1020,1170,1290,1590,1720,1810,1980,2180,2330,2350,2400,2470,2600,2820,3070,3360,3030,3290,,
Botswana,BWA,"GNI per capita, Atlas method (current US$)",NY.GNP.PCAP.CD,,,70,80,80,90,100,100,120,150,170,220,270,370,450,530,550,580,670,860,1060,1270,1220,1100,1020,1010,1090,1270,1890,2220,2610,2950,3140,3180,2820,3110,3030,3170,3050,3000,3020,3100,2780,3200,3730,4690,5250,5460,5310,4750,5220,6320,6700,6710,6710,5860,5760,5860,6270,6630,6130,6900,7430,
Central African Republic,CAF,"GNI per capita, Atlas method (current US$)",NY.GNP.PCAP.CD,,,70,70,70,80,80,90,90,100,100,100,100,120,140,160,180,210,240,280,320,330,330,260,270,290,350,420,490,490,480,470,470,440,360,350,290,300,270,270,250,250,250,250,290,320,340,370,400,460,480,500,530,350,360,370,380,400,450,470,460,480,480,
Canada,CAN,"GNI per capita, Atlas method (current US$)",NY.GNP.PCAP.CD,,,,,,,,,,,4220,4470,5010,6040,7190,8020,8780,9130,9750,10600,11600,12370,11900,12180,13150,13940,14560,16320,18620,19860,20650,20990,21420,21270,20890,20850,20820,21330,20900,21450,22740,23120,23590,25480,29530,34310,37900,41540,44930,43230,44490,47190,51080,52800,52200,47580,43900,42900,45070,46600,43920,48800,53310,
Central Europe and the Baltics,CEB,"GNI per capita, Atlas method (current US$)",NY.GNP.PCAP.CD,,,,,,,,,,,,,,,,,,,,,,,,,,,,,,,,,2238.001928,2442.324687,2718.866502,3177.039593,3630.955135,3829.351639,3870.967782,3915.277757,4090.972382,4170.607051,4429.388426,5187.403398,6381.463643,7734.114308,8849.853651,10322.24259,12381.69508,12752.67428,12795.33239,12977.26559,13139.12833,13389.08265,13556.92832,13249.55871,12826.39764,13067.49339,14692.47943,15930.55166,15842.73684,17654.01206,19416.33042,
Switzerland,CHE,"GNI per capita, Atlas method (current US$)",NY.GNP.PCAP.CD,,,,,,,,,,,,,,,,,,,,,,,,,,,,,,,,,,,,46700,49670,49290,46130,44190,44580,42010,40640,46660,55000,62770,65290,64120,64870,71800,79040,81330,86720,90590,88250,86810,83360,80770,82470,83160,81740,90810,95490,
Channel Islands,CHI,"GNI per capita, Atlas method (current US$)",NY.GNP.PCAP.CD,,,,,,,,,,,,,,,,,,,,,,,,,,,,,,,,,,,,,,,,,,,,,,,,,,,,,,,,,,,,,,,,
Chile,CHL,"GNI per capita, Atlas method (current US$)",NY.GNP.PCAP.CD,,,590,650,670,670,750,770,790,820,880,1050,1140,1350,1650,1140,1010,1060,1360,1780,2290,2770,2040,1640,1450,1420,1460,1650,1920,2180,2340,2590,3100,3430,3720,4410,5070,5610,5520,5150,5080,4830,4570,4620,5260,6270,7430,8790,10060,9990,10840,11980,14310,15240,14830,14220,13440,13330,14610,14830,13020,14800,15360,
China,CHN,"GNI per capita, Atlas method (current US$)",NY.GNP.PCAP.CD,,,70,80,90,100,110,100,90,110,120,130,130,160,180,200,190,190,230,280,330,340,330,310,330,330,330,350,390,410,400,410,440,500,540,600,650,750,800,860,940,1010,1110,1280,1510,1760,2060,2510,3100,3680,4340,5040,5910,6740,7470,7890,8210,8670,9540,10310,10520,11950,12850,
Cote d'Ivoire,CIV,"GNI per capita, Atlas method (current US$)",NY.GNP.PCAP.CD,,,160,170,200,200,220,220,250,260,280,280,300,360,450,560,640,740,910,1090,1120,1100,940,710,650,630,730,820,920,830,780,750,780,750,680,690,540,660,740,720,640,580,560,610,750,900,900,930,1060,1150,1190,1080,1220,1320,1990,2010,2020,2010,2160,2280,2290,2470,2620,
Cameroon,CMR,"GNI per capita, Atlas method (current US$)",NY.GNP.PCAP.CD,,,,,,,,120,140,160,160,170,190,220,290,360,340,350,530,650,650,800,790,720,740,800,980,1150,1220,1110,1000,930,950,980,880,860,770,780,760,750,720,690,690,820,1020,1130,1190,1230,1350,1440,1440,1450,1450,1510,1570,1520,1450,1400,1500,1540,1520,1590,1640,
"Congo, Dem. Rep.",COD,"GNI per capita, Atlas method (current US$)",NY.GNP.PCAP.CD,,,,,,,,,,,,,,,,,,,,,,,,,,,,,,,,,,,160,140,130,120,120,100,130,130,190,160,190,200,220,250,280,290,310,330,370,400,430,440,450,440,480,510,540,560,610,
"Congo, Rep.",COG,"GNI per capita, Atlas method (current US$)",NY.GNP.PCAP.CD,,,140,140,150,160,170,180,200,200,210,220,260,320,400,470,460,430,470,590,800,1070,1210,1070,1060,990,970,1040,920,930,920,950,1050,900,750,470,460,590,580,500,560,620,670,690,760,1100,1570,1670,2110,2420,2650,2600,3350,3590,3710,3130,2450,2290,2330,2700,2280,2220,2290,
Colombia,COL,"GNI per capita, Atlas method (current US$)",NY.GNP.PCAP.CD,,,290,290,310,320,320,300,310,320,340,370,400,470,560,610,640,710,870,1090,1290,1380,1370,1310,1310,1240,1240,1260,1320,1270,1350,1400,1590,1770,2080,2380,2570,2690,2590,2360,2360,2350,2400,2400,2640,3030,3540,4170,4770,5190,5680,6370,7330,8000,8260,7400,6530,6010,6320,6590,5800,6220,6500,
Comoros,COM,"GNI per capita, Atlas method (current US$)",NY.GNP.PCAP.CD,,,,,,,,,,,,,,,,,,,,,,,620,550,520,520,590,740,910,890,930,910,1060,1050,850,830,770,790,730,710,730,710,690,800,970,1120,1170,1210,1350,1440,1450,1480,1500,1580,1580,1470,1410,1370,1480,1520,1520,1580,1610,
Cabo Verde,CPV,"GNI per capita, Atlas method (current US$)",NY.GNP.PCAP.CD,,,,,,,,,,,,,,,,,,,,,,,460,420,410,410,470,600,770,830,830,840,970,1110,1220,1320,1260,1270,1240,1280,1310,1260,1220,1420,1790,2030,2160,2720,3300,3580,3520,3640,3580,3640,3520,3360,3280,3280,3630,3930,3100,3340,3950,
Costa Rica,CRI,"GNI per capita, Atlas method (current US$)",NY.GNP.PCAP.CD,,,350,350,340,360,390,400,440,470,520,560,630,750,880,960,1040,1230,1460,1720,1930,1400,1010,930,1100,1220,1420,1580,1630,1640,1720,1930,2320,2710,2950,3160,3220,3330,3390,3450,3560,3660,3750,4000,4350,4610,5020,5630,6350,6480,7190,8020,9190,9840,10250,10610,11000,11400,11880,12040,11500,12380,12920,
Caribbean small states,CSS,"GNI per capita, Atlas method (current US$)",NY.GNP.PCAP.CD,,,478.6569815,518.6249967,562.4696977,605.1513959,606.6591166,640.2711357,666.0329033,695.6819481,745.7302815,786.859594,933.0378202,1034.695183,1221.783077,1546.983477,1573.872262,1698.60801,1852.91001,2048.576934,2361.466431,2628.65153,2799.661512,2685.589739,2620.971548,2574.904945,2497.799842,2559.472613,2770.186709,2806.735237,2809.676894,2814.499881,2931.203334,2979.987057,3017.956594,3379.788799,3672.346626,3809.199093,4056.702976,4531.482709,4855.365579,4994.733364,5202.550429,5666.169074,6298.724503,6854.914122,7585.204718,8302.239796,9201.88007,8853.927076,8971.511587,8832.307413,9746.16035,10205.91415,10314.41137,10201.00233,9557.143037,9510.914997,9780.793346,10110.97168,8866.685826,9736.754602,11321.00307,
Cuba,CUB,"GNI per capita, Atlas method (current US$)",NY.GNP.PCAP.CD,,,,,,,,,,,,,830,1030,1230,1490,1540,1600,1780,2000,2150,2440,2350,2180,2300,2300,2380,2480,2770,2740,2650,2330,2120,1870,2130,2540,2700,2500,2240,2400,2620,2760,2830,3100,3500,3970,4410,4740,5040,5090,5170,5590,6080,6620,6820,7220,7480,7950,8630,8920,,,,
Curacao,CUW,"GNI per capita, Atlas method (current US$)",NY.GNP.PCAP.CD,,,,,,,,,,,,,,,,,,,,,,,,,,,,,,,,,,,,,,,,,,,,,,,,,,,,,,19020,18980,18780,18260,18230,18820,19140,16300,18060,,
Cayman Islands,CYM,"GNI per capita, Atlas method (current US$)",NY.GNP.PCAP.CD,,,,,,,,,,,,,,,,,,,,,,,,,,,,,,,,,,,,,,,,,,,,,,,,,,,73590,74100,51400,45330,43850,44970,48480,52670,58820,65690,57280,62000,,
Cyprus,CYP,"GNI per capita, Atlas method (current US$)",NY.GNP.PCAP.CD,,,,,,,,,,,,,,,,,,1520,1800,2400,3390,4050,4490,4220,4360,4480,5020,6300,7910,8570,9300,9460,11020,10970,11680,12810,13880,14280,15490,14340,14180,14170,14510,16710,20260,23990,25600,27340,31970,32780,32120,32640,29760,27860,26590,26090,24840,25020,27390,28560,26880,29490,31520,
Czechia,CZE,"GNI per capita, Atlas method (current US$)",NY.GNP.PCAP.CD,,,,,,,,,,,,,,,,,,,,,,,,,,,,,,,,,3360,3500,4170,5150,5980,6160,6110,6110,6340,6350,6650,8110,10260,12480,14000,15850,18510,18840,19400,19460,19440,19410,18900,18370,17670,18310,20560,22120,21800,24530,26100,
Germany,DEU,"GNI per capita, Atlas method (current US$)",NY.GNP.PCAP.CD,,,,,,,,,,,,,3600,4670,5800,6720,7130,7670,8870,11050,13010,12540,11120,10020,9880,9840,11240,14240,18620,19760,21300,22890,25810,25990,27530,29520,30860,30140,27950,26840,26180,24770,23680,26140,31670,35770,38270,40470,43650,43660,44680,47320,46560,47220,47640,45780,44280,43760,47490,49410,47970,52050,54030,
Djibouti,DJI,"GNI per capita, Atlas method (current US$)",NY.GNP.PCAP.CD,,,,,,,,,,,,,,,,,,,,,,,,,,,,,,,,,,,,,,,,,,,,,,,,,,,,,,,,2410,2510,2590,2750,2940,2940,3160,3310,
Dominica,DMA,"GNI per capita, Atlas method (current US$)",NY.GNP.PCAP.CD,,,,,,,,,,,,,,,,,,,,740,1000,1200,1250,1260,1370,1520,1820,2200,2590,2630,2850,3010,3270,3490,3580,3820,3990,4100,4270,4270,4300,4570,4370,4790,5080,5190,5650,5920,6530,6720,6930,7140,7060,6910,7210,7030,7400,7380,7890,8240,7140,7790,8430,
Denmark,DNK,"GNI per capita, Atlas method (current US$)",NY.GNP.PCAP.CD,,,,,,,,,2870,3140,3310,3670,4310,5580,6800,8080,8960,9780,11170,13560,15090,14180,12860,11710,11520,11840,14070,17760,22130,23050,24370,25540,28700,28570,30360,32560,34770,35150,33460,33060,32580,31410,30850,34750,42640,49610,53540,55740,60390,60090,61220,61990,61650,63200,63670,60510,58040,56690,61260,63140,62540,69780,73520,
Dominican Republic,DOM,"GNI per capita, Atlas method (current US$)",NY.GNP.PCAP.CD,,,220,240,260,230,250,250,250,280,340,380,440,520,620,720,780,840,910,1040,1150,1220,1250,1250,1310,1100,1040,940,920,910,870,1040,1350,1620,1740,1940,2160,2340,2430,2520,2660,2720,2870,2620,2540,3020,3610,4400,4730,4890,5280,5490,5730,5970,6260,6500,6780,7000,7680,7990,7170,8100,9050,
Algeria,DZA,"GNI per capita, Atlas method (current US$)",NY.GNP.PCAP.CD,,,190,230,240,250,230,260,290,320,350,330,460,570,760,960,1100,1130,1360,1690,2040,2250,2310,2240,2310,2440,2620,2830,2770,2570,2390,2000,1920,1750,1640,1570,1530,1520,1560,1550,1610,1680,1740,1940,2260,2730,3130,3620,4230,4300,4490,4610,5220,5540,5510,4880,4400,3970,4010,4050,3610,3680,3920,
East Asia & Pacific (excluding high income),EAP,"GNI per capita, Atlas method (current US$)",NY.GNP.PCAP.CD,,,72.14870216,78.29349156,86.57493576,97.92400907,105.8248466,99.9632566,97.06348048,108.8347669,121.7061153,125.0851319,132.0457181,159.4073442,186.7719509,217.5732721,213.2613929,226.3830982,262.6586554,314.370002,378.0579625,397.2027168,388.2778215,371.0613105,379.4046464,380.5579372,381.0371563,402.3011039,446.5303743,469.8176615,475.9990878,490.3177445,533.7627742,606.8099748,667.788153,748.5460511,820.6457413,888.5312006,832.626744,855.2490107,911.1351082,981.7917804,1062.115555,1206.931324,1419.394898,1634.625907,1891.290454,2269.165596,2764.575237,3211.771063,3755.151854,4340.879257,5073.45975,5699.230361,6196.429864,6446.322972,6652.645928,6991.672576,7672.191329,8259.245624,8332.262533,9339.626864,10041.76973,
Early-demographic dividend,EAR,"GNI per capita, Atlas method (current US$)",NY.GNP.PCAP.CD,,,,,,,,213.267893,222.6993899,238.5351543,253.9315386,265.7886173,286.9594142,341.0253283,432.0539551,528.7571963,598.4939075,621.1910179,671.558948,779.9165335,932.3648939,1063.721003,1035.760099,940.5795589,818.2377579,779.7354419,804.6110379,836.1458849,864.4036446,831.1767365,865.561909,905.4104131,1000.675844,1063.602302,1124.809417,1150.60156,1198.835848,1233.767425,1200.823642,1213.634219,1277.960084,1297.636284,1270.279994,1349.905906,1530.228699,1748.346357,1958.305765,2211.001756,2473.488366,2559.394596,2786.7863,2997.920523,3287.325661,3408.557702,3439.280624,3318.743956,3282.905336,3335.296646,3503.571508,3564.901698,3296.461492,3606.939995,3973.594418,
East Asia & Pacific,EAS,"GNI per capita, Atlas method (current US$)",NY.GNP.PCAP.CD,,,143.0362954,156.3119389,174.5446866,193.2213815,212.3892304,223.420528,242.5509043,276.2854892,306.17825,335.4429109,395.6003718,502.7543036,609.8966017,712.2117855,738.7497449,798.9918243,962.8538898,1187.5666,1372.985966,1428.007348,1370.886235,1321.746431,1355.387439,1430.391503,1618.410262,1972.056206,2537.035337,2747.435287,2848.304465,2937.974241,3133.745117,3424.624974,3739.702656,4194.067793,4367.23476,4232.747703,3702.407955,3661.599744,3870.523444,3956.765091,3909.00406,4091.5414,4601.557461,5038.98641,5323.47593,5688.392812,6194.731179,6540.741151,7357.473052,8164.637236,9126.530395,9717.461383,9938.599562,9819.372424,9894.490333,10230.45572,11097.98878,11691.78718,11644.56887,12835.60826,13504.07648,
Europe & Central Asia (excluding high income),ECA,"GNI per capita, Atlas method (current US$)",NY.GNP.PCAP.CD,,,,,,,,,,,,,,,,,,,,,,,,,,,,,,,,2378.775788,2248.411265,2142.103842,1895.812599,1930.469455,1932.190496,2009.514862,1847.688613,1705.990938,1788.809777,1700.46884,1857.38374,2197.528088,2892.304741,3722.667427,4611.770847,5723.572801,6955.284099,6839.122116,7389.889504,8058.623379,9324.230998,10307.20927,10191.27653,8828.560629,7658.219734,7327.540975,7712.601491,8071.847594,7740.625589,8473.91553,9213.468054,
Europe & Central Asia,ECS,"GNI per capita, Atlas method (current US$)",NY.GNP.PCAP.CD,,,,,,,,,,,,,1748.434932,2214.547319,2700.976959,3110.301567,3286.515737,3505.278015,3958.014487,4893.739441,5862.121351,5895.09728,5399.009626,4825.7856,4645.62772,4630.603197,5301.412062,6706.421032,8593.924136,9183.464005,9865.652632,10480.84348,11557.15979,11363.01752,11539.83116,12008.58375,12726.12644,12979.03435,12585.12157,12454.57086,12551.97517,12144.31769,12066.29548,13635.86269,16585.8386,19213.93422,20795.3722,22531.63109,24541.52447,24310.81465,24540.72112,25004.2865,25316.77885,26012.14276,26062.29637,24683.72116,23367.31881,22892.72346,24447.24032,25369.90441,24037.26682,26745.30998,28507.03041,
Ecuador,ECU,"GNI per capita, Atlas method (current US$)",NY.GNP.PCAP.CD,,,370,350,380,420,440,460,460,490,510,500,500,590,810,1080,1260,1340,1530,1780,2070,2410,2350,2070,1860,1780,1730,1600,1470,1330,1340,1450,1570,1640,1800,1950,2070,2170,2160,1780,1560,1560,1740,2130,2560,2890,3110,3310,3860,4070,4400,4880,5380,5800,6100,5980,5820,5890,6110,6100,5530,5960,6300,
"Egypt, Arab Rep.",EGY,"GNI per capita, Atlas method (current US$)",NY.GNP.PCAP.CD,,,,,,,,170,170,190,210,240,260,290,300,330,350,370,380,410,480,510,550,560,630,670,730,860,820,770,740,730,740,740,800,900,990,1090,1170,1260,1370,1380,1280,1190,1150,1160,1260,1460,1750,2010,2250,2430,2690,2870,3060,3160,3260,2940,2760,2690,3010,3520,4100,
Euro area,EMU,"GNI per capita, Atlas method (current US$)",NY.GNP.PCAP.CD,,,,,,,,,,,,,2862.714251,3676.557962,4564.987094,5263.846785,5581.963788,5995.478522,6805.397288,8440.275042,10134.48058,10034.86626,9084.428043,8096.805301,7870.457235,7883.7884,9111.313843,11664.31029,15171.74099,16264.99658,17536.67319,18756.30426,21056.24927,20731.85382,21258.126,22375.27163,23628.3827,23583.40957,22551.61793,22148.08992,21943.10176,21051.4795,20542.98498,23118.70249,28088.46321,32162.79356,34254.70403,36409.02742,39229.62604,39355.82556,39524.48512,40005.53085,38918.33863,39128.31446,39051.16931,37417.15193,36051.43502,35575.91394,38543.40952,39991.10879,37899.35394,42021.63409,43949.5437,
Eritrea,ERI,"GNI per capita, Atlas method (current US$)",NY.GNP.PCAP.CD,,,,,,,,,,,,,,,,,,,,,,,,,,,,,,,,,,,290,280,290,310,310,300,290,300,290,290,330,390,410,430,420,490,520,610,,,,,,,,,,,,
Spain,ESP,"GNI per capita, Atlas method (current US$)",NY.GNP.PCAP.CD,,,500,570,640,730,840,930,1010,1110,1170,1310,1590,2090,2730,3240,3430,3640,4040,5010,6210,6310,5680,4860,4580,4550,5400,7110,9410,10700,12210,13700,15610,15010,14470,14830,15560,15820,15440,15480,15790,15540,15630,18080,22130,25910,27850,29770,32250,32560,31970,31020,29540,29230,29160,28460,27570,27120,29330,30360,27180,30090,32090,
Estonia,EST,"GNI per capita, Atlas method (current US$)",NY.GNP.PCAP.CD,,,,,,,,,,,,,,,,,,,,,,,,,,,,,,,,,,,,,,,,,4170,4310,4620,5730,7500,9730,11500,13430,15190,14570,14580,15840,16760,18140,18880,18570,18290,18760,21180,23150,23470,26270,27120,
Ethiopia,ETH,"GNI per capita, Atlas method (current US$)",NY.GNP.PCAP.CD,,,,,,,,,,,,,,,,,,,,,,,,210,200,190,230,280,270,260,260,250,220,210,160,150,150,140,130,120,120,120,120,110,130,160,180,220,270,330,370,380,400,460,540,590,650,720,780,830,880,940,1020,
European Union,EUU,"GNI per capita, Atlas method (current US$)",NY.GNP.PCAP.CD,,,,,,,,,,,,,2410.866204,3090.498245,3829.115067,4420.44983,4686.820817,5026.765982,5695.615089,7042.573574,8427.021338,8338.767616,7541.850011,6709.573634,6515.745575,6526.469685,7548.131,9650.489731,12509.40209,13404.4397,14437.32798,15427.17326,17304.35712,17039.2542,17513.42793,18493.74705,19616.17293,19658.70847,18873.27011,18591.19201,18502.44835,17814.45522,17493.72749,19749.681,24029.77742,27634.77718,29599.57958,31664.18817,34406.77197,34551.90955,34775.04196,35236.16516,34499.08498,34797.85175,34800.83227,33399.45753,32173.09185,31829.06256,34566.45787,35981.56796,34314.34533,38095.62504,40122.18575,
Fragile and conflict affected situations,FCS,"GNI per capita, Atlas method (current US$)",NY.GNP.PCAP.CD,,,,,,,,,,,,,,,,,,,,,,,,,,,,,,,,,,,,,,,,,,,,,,,,,1864.067753,1979.936005,2138.037016,2006.58583,2173.459466,2231.110122,2280.215015,2017.960414,1854.787439,1751.786032,1763.59141,1840.08581,1729.670293,1766.072484,1810.462719,
Finland,FIN,"GNI per capita, Atlas method (current US$)",NY.GNP.PCAP.CD,,,1370,1470,1620,1810,1970,2060,2090,2270,2460,2690,3170,4030,5130,6320,6840,7190,7910,9540,11450,11980,11700,10840,10790,11130,13010,16480,21540,24110,26000,25100,24170,20680,20170,22030,24970,26680,25820,26050,26480,25850,25620,28800,35380,40230,42840,46190,50160,48950,49750,50260,48970,49510,49420,47180,45530,44840,48210,49940,50030,53270,54890,
Fiji,FJI,"GNI per capita, Atlas method (current US$)",NY.GNP.PCAP.CD,,,280,280,300,290,300,340,340,340,390,440,520,710,930,1120,1230,1290,1360,1640,1840,2010,1780,1570,1640,1550,1730,1690,1690,1680,1670,1680,1880,2000,2160,2410,2620,2540,2250,2300,2170,2070,2070,2290,2850,3350,3370,3560,3760,3650,3470,3590,3930,4470,4750,4830,5010,5120,5680,5590,4650,4490,5390,
France,FRA,"GNI per capita, Atlas method (current US$)",NY.GNP.PCAP.CD,,,1560,1710,1890,2060,2230,2380,2580,2830,3040,3260,3680,4700,5810,6750,7170,7840,8860,10850,13100,13200,12050,10450,9830,9780,11350,14500,18570,19550,20710,21420,23840,23580,24380,25740,27110,26930,25820,25420,24990,23870,23150,26000,31450,35920,37880,40160,43540,44070,43970,44440,43410,43800,43340,41130,39100,38320,41170,42460,39250,43810,45290,
Faroe Islands,FRO,"GNI per capita, Atlas method (current US$)",NY.GNP.PCAP.CD,,,,,,,,,,,,,,,,,,,,,,,,,,,,,,,,,,,,,,,,,,,,,,,,,,,49280,53610,56390,59300,60390,57780,57400,57880,62940,66090,64460,69840,74420,
"Micronesia, Fed. Sts.",FSM,"GNI per capita, Atlas method (current US$)",NY.GNP.PCAP.CD,,,,,,,,,,,,,,,,,,,,,,,,,,,,,,,,,,2080,2070,2150,2090,1880,1890,1980,2130,2160,2170,2270,2340,2450,2450,2460,2470,2690,2780,2950,3050,3100,3100,3470,3420,3490,3450,4040,4050,4020,4140,
Gabon,GAB,"GNI per capita, Atlas method (current US$)",NY.GNP.PCAP.CD,,,320,400,330,350,410,430,460,520,560,610,670,890,1660,2800,4330,3900,3000,3410,4450,5120,4680,4120,4160,3730,3710,3310,4010,4420,4660,5000,4950,4280,4000,3780,3960,4130,3810,3170,2990,3300,3470,3710,4120,5260,5470,6260,6950,7210,7450,7720,8660,8920,8930,7660,6810,6280,6610,6950,6830,6440,7530,
United Kingdom,GBR,"GNI per capita, Atlas method (current US$)",NY.GNP.PCAP.CD,,,,,,,,,,,2500,2780,3210,3910,4370,4890,5030,5240,5950,7590,9560,10670,10670,9870,9280,9170,10260,12720,16180,17400,18590,19410,21510,21390,21920,21120,22850,25570,26970,28120,29420,29110,29190,32250,37810,42700,44850,47390,48390,44080,41770,41100,41800,42790,44580,44380,42960,41660,42020,43240,38750,45550,49240,
Georgia,GEO,"GNI per capita, Atlas method (current US$)",NY.GNP.PCAP.CD,,,,,,,,,,,,,,,,,,,,,,,,,,,,,,,,,750,540,510,550,670,820,870,840,790,780,840,990,1210,1520,1910,2380,2820,2950,3210,3520,4150,4530,4740,4410,4080,4040,4460,4690,4260,4700,5600,
Ghana,GHA,"GNI per capita, Atlas method (current US$)",NY.GNP.PCAP.CD,,,190,200,210,230,240,240,220,220,240,270,250,290,330,310,280,290,330,360,390,380,330,290,320,330,370,400,410,380,380,400,420,400,360,360,370,380,380,390,330,290,270,310,370,450,570,770,1120,1150,1200,1340,1480,1780,1820,1870,1750,1820,2050,2150,2230,2280,2380,
Gibraltar,GIB,"GNI per capita, Atlas method (current US$)",NY.GNP.PCAP.CD,,,,,,,,,,,,,,,,,,,,,,,,,,,,,,,,,,,,,,,,,,,,,,,,,,,,,,,,,,,,,,,,
Guinea,GIN,"GNI per capita, Atlas method (current US$)",NY.GNP.PCAP.CD,,,,,,,,,,,,,,,,,,,,,,,,,,,,,400,390,410,410,450,480,480,490,500,500,460,440,400,360,350,340,370,360,400,460,620,670,690,670,690,690,730,750,760,810,850,940,950,990,1190,
"Gambia, The",GMB,"GNI per capita, Atlas method (current US$)",NY.GNP.PCAP.CD,,,,,,,,,100,90,100,100,100,130,160,200,210,210,230,280,340,340,300,270,250,260,270,290,280,280,280,360,480,650,630,630,640,630,600,590,570,510,410,370,430,480,600,650,750,810,820,700,700,670,600,580,580,610,670,700,700,740,800,
Guinea-Bissau,GNB,"GNI per capita, Atlas method (current US$)",NY.GNP.PCAP.CD,,,,,,,,,,,,,150,160,180,190,170,150,160,170,140,180,180,180,180,190,160,170,180,210,220,250,240,220,210,220,230,230,160,160,200,240,300,320,370,420,430,450,500,550,570,620,610,620,620,620,640,660,700,780,740,760,820,
Equatorial Guinea,GNQ,"GNI per capita, Atlas method (current US$)",NY.GNP.PCAP.CD,,,,,,,,,,,,,,,,,,,,,,,110,120,120,140,150,190,230,210,240,240,340,330,240,220,320,770,620,720,680,790,1110,1040,1490,3370,7020,10040,12330,10830,8600,9950,11980,12140,11460,9410,7180,5660,5860,5520,5150,5190,5240,
Greece,GRC,"GNI per capita, Atlas method (current US$)",NY.GNP.PCAP.CD,,,620,700,790,900,1000,1090,1200,1370,,,,,,,,,,,,,,,,,,,,,,,,,,,,,,,,,,,,,24570,26370,28710,29420,27610,24560,23180,22430,22010,20190,18640,17960,19080,19690,17920,20010,21810,
Grenada,GRD,"GNI per capita, Atlas method (current US$)",NY.GNP.PCAP.CD,,,,,,,,,,,,,,,,,,,,1070,1220,1250,1260,1250,1320,1490,1770,2170,2450,2610,2760,2940,3020,3000,3090,3190,3370,3520,3830,4140,4410,4310,4460,5060,5100,6310,6080,6430,6810,6270,6470,6560,6520,6840,6940,7140,7670,8020,8740,8900,7860,8410,9070,
Greenland,GRL,"GNI per capita, Atlas method (current US$)",NY.GNP.PCAP.CD,,,,,,,,,,,,,1890,2440,3130,3800,4330,5140,6160,7550,9270,9100,8020,7270,6740,7060,8540,11470,15170,16970,15690,16510,17440,16600,17830,19470,20780,20540,20440,19740,20290,19390,18760,20440,25730,30920,30240,34800,,,,,,,,,,,,,,,,
Guatemala,GTM,"GNI per capita, Atlas method (current US$)",NY.GNP.PCAP.CD,,,260,280,280,290,290,290,310,330,350,360,390,450,540,610,690,800,920,1080,1210,1240,1170,1110,1130,1160,1070,1020,980,980,930,970,1030,1140,1230,1360,1440,1530,1610,1650,1670,1600,1600,1670,1850,2000,2150,2370,2610,2650,2730,2910,3160,3380,3550,3700,3870,4100,4400,4620,4490,4930,5350,
Guam,GUM,"GNI per capita, Atlas method (current US$)",NY.GNP.PCAP.CD,,,,,,,,,,,,,,,,,,,,,,,,,,,,,,,,,,,,,,,,,,,,,,,,,,,,,,,,,,,,,,,,
Guyana,GUY,"GNI per capita, Atlas method (current US$)",NY.GNP.PCAP.CD,,,280,250,280,310,320,340,330,350,360,380,390,430,540,680,670,610,620,670,760,740,590,510,470,500,520,450,460,360,390,330,390,470,570,680,840,890,870,850,870,870,870,920,1010,1070,1450,2250,3820,4160,4520,4870,5360,5630,5660,5560,5690,6000,6240,6500,8110,9340,14920,
High income,HIC,"GNI per capita, Atlas method (current US$)",NY.GNP.PCAP.CD,,,1517.535344,1609.333558,1730.253345,1875.163427,2042.708722,2170.791198,2375.956778,2584.937041,2740.184206,2987.277877,3421.949783,4181.679117,4887.482199,5463.955709,5803.542827,6223.163132,7093.681945,8488.577012,9794.70364,10206.99867,9717.388278,9332.918914,9700.161454,10171.83704,11449.23961,13696.31216,16649.90992,17566.90701,18385.42731,19104.17235,20696.5834,21208.25428,22269.6678,23749.74089,24886.60058,25020.65926,24073.62094,24356.81642,25378.8767,25372.56025,25211.45113,27157.19356,31004.05137,34147.62035,35810.51781,37203.78961,38836.633,38193.64471,39270.43233,40592.96922,41901.54781,42709.00547,42887.01586,41670.02101,40812.37812,41098.47305,43969.29502,45594.47608,43965.86791,48498.87379,51469.25301,
"Hong Kong SAR, China",HKG,"GNI per capita, Atlas method (current US$)",NY.GNP.PCAP.CD,,,,570,630,700,710,710,740,840,930,1060,1300,1750,2150,2450,2900,3340,3930,4700,5730,6360,6290,5890,6170,6090,7230,9080,10770,11550,12660,14320,16560,19560,21820,23570,24140,26080,25110,25800,26930,26350,25270,26340,28120,28890,30290,32070,33950,32350,33620,35690,36340,38570,40240,41180,42970,46380,50050,50480,48550,54370,54370,
Honduras,HND,"GNI per capita, Atlas method (current US$)",NY.GNP.PCAP.CD,,,170,180,190,200,220,230,240,250,250,260,280,310,350,370,400,450,590,810,1060,1060,1000,980,1050,1130,1240,1380,1380,1250,1080,920,910,930,860,880,860,890,900,920,1010,1040,1060,1110,1190,1270,1340,1470,1610,1650,1710,1850,1930,1970,1970,2020,2080,2200,2280,2330,2150,2480,2750,
Heavily indebted poor countries (HIPC),HPC,"GNI per capita, Atlas method (current US$)",NY.GNP.PCAP.CD,,,,,,,,,,,,,,,,,,,,,,,,329.8450915,315.1866331,313.6140949,346.1470388,391.8716601,425.7617633,405.2727757,402.7410514,417.6423045,373.0130619,350.6828333,309.8084161,314.5544116,314.1183707,328.6159218,326.2318442,327.1874395,329.4811715,328.5109749,335.063122,360.7740574,415.1252182,468.6512427,516.9342859,583.9791487,684.7434048,745.686033,783.9953999,819.9926244,860.1795898,914.4503374,976.0557646,969.7782103,959.4897144,971.9836864,971.2906428,985.0670566,957.2151585,1003.998204,1073.031154,
Croatia,HRV,"GNI per capita, Atlas method (current US$)",NY.GNP.PCAP.CD,,,,,,,,,,,,,,,,,,,,,,,,,,,,,,,,,,,,,,5600,5530,5250,5300,5360,5650,6700,8570,10210,11240,12520,14000,13910,13850,13940,13450,13780,13630,13470,12860,13070,14370,15410,14700,17750,19600,
Haiti,HTI,"GNI per capita, Atlas method (current US$)",NY.GNP.PCAP.CD,,,,,,,,,,,,,,,,,,,,,250,250,250,250,260,290,330,350,390,380,420,460,400,320,260,310,370,400,410,460,550,640,740,680,680,710,800,900,1010,1150,1140,1250,1320,1410,1460,1430,1370,1360,1420,1410,1330,1440,1610,
Hungary,HUN,"GNI per capita, Atlas method (current US$)",NY.GNP.PCAP.CD,,,,,,,,,,,,,,,,,,,,,,,,,,,,,,,,,,3660,4030,4250,4370,4400,4410,4490,4620,4790,5290,6630,8650,10380,11240,11770,13250,13410,13260,13250,13080,13520,13560,13230,13100,13180,14980,16570,16030,17740,19010,
IBRD only,IBD,"GNI per capita, Atlas method (current US$)",NY.GNP.PCAP.CD,,,,,,,,325.3441062,330.0200788,358.9401377,390.1214261,408.3046167,440.6013472,528.1329351,642.5872371,757.085806,788.5885932,821.2392904,916.126929,1075.5724,1283.91143,1410.155952,1376.743419,1269.848076,1154.10643,1126.03565,1155.419111,1231.559551,1313.26281,1306.464304,1094.57988,994.8030023,1046.065617,1103.91686,1163.374084,1253.701832,1353.049902,1444.16466,1402.789441,1378.847189,1425.987743,1436.562483,1455.029588,1579.201627,1837.367027,2144.91302,2494.256806,2964.235081,3499.368948,3761.773123,4202.151536,4685.160835,5315.951574,5740.163378,5919.925236,5737.557301,5624.238643,5748.038159,6184.791204,6514.774001,6286.757318,6951.973406,7503.198771,
IDA & IBRD total,IBT,"GNI per capita, Atlas method (current US$)",NY.GNP.PCAP.CD,,,,,,,,294.8021739,300.0510358,325.2027003,352.9258862,369.0611717,396.8972896,470.9966421,571.4946848,672.1454768,699.1607841,725.9557854,807.6867644,946.2594273,1124.888658,1232.365779,1199.649572,1103.676641,1006.703484,982.9643438,1012.397735,1081.414838,1153.67433,1144.872063,969.1105607,888.1724261,926.6108823,971.3552002,1016.089921,1089.139847,1168.478387,1241.791626,1205.031171,1183.919006,1222.351702,1230.759499,1245.990724,1348.432682,1563.38401,1816.216519,2098.808293,2477.921948,2912.593058,3125.274932,3470.405879,3824.066043,4306.084783,4635.347725,4782.265706,4635.556933,4536.205312,4616.188972,4941.107397,5179.990804,4986.417083,5474.717861,5876.594301,
IDA total,IDA,"GNI per capita, Atlas method (current US$)",NY.GNP.PCAP.CD,,,,,,,,,,,,,,,,,,,,,,,,,,,,,,,,,496.7163667,487.1633691,469.7643026,477.3406755,479.8882589,489.27378,481.5765241,484.5397338,503.5110468,517.078812,534.6724878,573.4965356,653.5444042,733.7026325,804.8356847,897.5992525,1025.956295,1105.343282,1179.318601,1162.405557,1221.092495,1296.048545,1379.778387,1375.232649,1354.74659,1347.944679,1398.123546,1431.676655,1390.572373,1457.490694,1533.141479,
IDA blend,IDB,"GNI per capita, Atlas method (current US$)",NY.GNP.PCAP.CD,,,,,,,,,,,,,,,,,,,,,,,,,,,,,,,,,,,,,,,,,,,,,,,,,1342.089088,1399.773962,1463.267361,1531.340938,1713.360441,1875.079034,2023.158866,2001.435015,1903.878565,1789.206334,1824.240533,1846.868543,1775.786132,1848.022335,1917.78424,
Indonesia,IDN,"GNI per capita, Atlas method (current US$)",NY.GNP.PCAP.CD,,,,,,,,,,70,80,80,90,110,160,220,270,300,350,390,470,530,560,530,520,500,510,510,510,520,560,600,660,740,850,980,1080,1090,650,570,570,710,780,890,1070,1210,1360,1580,1920,2130,2510,2990,3550,3710,3600,3420,3400,3530,3850,4070,3900,4170,4580,
IDA only,IDX,"GNI per capita, Atlas method (current US$)",NY.GNP.PCAP.CD,,,,,,,,,,,,,,,,,,,,,,,392.2056095,347.153726,332.3575204,333.440627,367.5785182,411.9615164,445.5512387,433.5565042,441.6618177,459.6065718,424.3748366,412.7364824,394.4522671,398.7630067,394.4378439,406.3381404,405.243231,410.0480186,421.9153202,429.7408193,440.3420198,475.3231715,539.7796481,604.0559106,665.492352,749.9101838,867.995341,958.5091766,1037.799512,977.0240082,973.1733023,1004.315942,1055.820649,1060.65468,1079.854727,1127.805211,1186.140358,1225.73175,1199.979645,1264.666216,1343.571821,
Isle of Man,IMN,"GNI per capita, Atlas method (current US$)",NY.GNP.PCAP.CD,,,,,,,,,,,,,,,,,,,,,,,,,,,,,,,,,,,,,,17300,19110,21690,22280,22870,24130,28120,34540,40030,45010,47980,43660,46800,72450,74860,82390,87680,88570,83630,78710,77920,83460,84490,79300,,,
India,IND,"GNI per capita, Atlas method (current US$)",NY.GNP.PCAP.CD,,,90,100,110,110,110,110,100,110,110,120,120,140,170,190,180,190,210,220,270,300,290,280,280,290,310,350,390,390,380,350,340,320,340,370,400,410,410,440,440,450,460,510,600,700,780,910,990,1110,1210,1360,1470,1500,1550,1590,1680,1800,1980,2080,1900,2150,2390,
Not classified,INX,"GNI per capita, Atlas method (current US$)",NY.GNP.PCAP.CD,,,,,,,,,,,,,,,,,,,,,,,,,,,,,,,,,,,,,,,,,,,,,,,,,,,,,,,,,,,,,,,,
Ireland,IRL,"GNI per capita, Atlas method (current US$)",NY.GNP.PCAP.CD,,,,,,,,,,,,,2070,2540,2990,3390,3280,3580,4120,5120,6380,6780,6390,5720,5610,5630,6370,8220,10420,11100,12560,13130,14440,14600,15480,16920,18880,20650,21430,22690,24130,24080,24920,29980,37840,44640,47950,50540,50940,46810,44990,42410,40820,43540,46530,50420,51740,53660,59490,63570,66010,76270,79730,
"Iran, Islamic Rep.",IRN,"GNI per capita, Atlas method (current US$)",NY.GNP.PCAP.CD,,,210,210,220,250,270,290,320,360,390,440,540,720,1070,1470,2000,2080,2030,2230,2160,2360,2960,3240,3120,3440,3630,3510,3010,2580,2560,,,,,1300,1630,1820,1800,1760,1770,1800,1890,2210,2510,2940,3450,4220,4890,5450,6110,6860,7490,7340,6740,5480,5470,5490,4880,3990,3270,3510,3980,
Iraq,IRQ,"GNI per capita, Atlas method (current US$)",NY.GNP.PCAP.CD,,,,,,,,,,,,,,,,,,,,,3910,3410,3010,2330,2510,2730,3020,3460,3650,3640,6970,70,50,40,60,120,370,720,880,1230,1520,1650,1340,800,1300,1340,1730,2330,3440,3980,4350,4710,5940,6590,6320,5460,5050,4400,4780,5470,4670,4670,5270,
Iceland,ISL,"GNI per capita, Atlas method (current US$)",NY.GNP.PCAP.CD,,,1540,1740,2050,2440,2980,3110,2790,2490,,,,,,,,,,,,,,,,,,,,,,,,,,,,28480,29270,30400,31540,30700,30930,33710,42020,50520,53450,61880,50060,41860,36270,37610,40690,46960,48090,49940,54910,60230,67770,72970,62130,63180,68660,
Israel,ISR,"GNI per capita, Atlas method (current US$)",NY.GNP.PCAP.CD,,,1320,1330,1310,1440,1470,1480,1730,1910,,,,,,,,,,,,,,,,,,,,,,,,,,,,19770,19510,19150,19990,19920,19130,19300,20670,22190,23040,24720,26900,28000,30350,32400,33110,35070,36640,36550,36840,38210,41520,43800,43120,49350,55140,
Italy,ITA,"GNI per capita, Atlas method (current US$)",NY.GNP.PCAP.CD,,,960,1060,1160,1280,1410,1550,1700,1850,2060,2250,2620,3250,3930,4320,4510,4730,5270,6740,8430,8710,8220,7630,7760,8030,9380,12160,15950,17300,18660,20370,22960,21590,20860,20670,21830,22300,22220,21990,21910,21190,20770,23410,28360,32480,34280,35930,37980,37990,37960,37980,36220,35570,34910,33000,31970,31380,33850,34910,32440,36420,38200,
Jamaica,JAM,"GNI per capita, Atlas method (current US$)",NY.GNP.PCAP.CD,,,,,,,,,630,650,730,760,990,1030,1200,1390,1390,1470,1430,1340,1230,1320,1370,1420,1150,940,970,1190,1500,1710,1790,1750,1630,1860,1900,2320,2550,2800,2930,3160,3290,3300,3320,3510,3740,3890,4180,4420,4680,4440,4520,4730,5130,5170,5070,4870,4770,4940,5230,5500,4900,5190,5760,
Jordan,JOR,"GNI per capita, Atlas method (current US$)",NY.GNP.PCAP.CD,,,,,,,,,,,,,,,,,,,1260,1660,1940,2180,2110,1860,1830,1760,1960,2190,2230,1600,1310,1120,1280,1320,1380,1460,1470,1490,1510,1560,1690,1760,1790,1920,2180,2370,2480,2640,3070,3440,3690,3910,4180,4240,4040,3860,3830,3920,4090,4180,4050,4210,4350,
Japan,JPN,"GNI per capita, Atlas method (current US$)",NY.GNP.PCAP.CD,,,610,700,810,900,1040,1210,1430,1680,1870,2150,2760,3660,4490,5230,5480,6020,7550,9570,11000,11300,10690,10360,10640,11690,14080,18370,25200,27480,28390,29070,31030,34090,37630,42840,43940,40760,35010,34320,36810,37380,35360,35660,39000,41280,40590,39310,39380,39230,43910,47470,50060,48850,44440,39380,38460,38930,41800,41970,40940,43670,42550,
Kazakhstan,KAZ,"GNI per capita, Atlas method (current US$)",NY.GNP.PCAP.CD,,,,,,,,,,,,,,,,,,,,,,,,,,,,,,,,,,1430,1310,1280,1340,1390,1390,1290,1270,1360,1530,1810,2300,2930,3860,4980,6110,6790,7440,8280,9940,11840,12080,11380,8770,8040,8070,8820,8710,8880,9620,
Kenya,KEN,"GNI per capita, Atlas method (current US$)",NY.GNP.PCAP.CD,,,100,110,110,110,120,120,130,140,130,160,180,200,230,250,250,280,330,400,460,460,400,340,320,310,340,380,420,400,380,350,340,270,260,280,350,400,440,440,430,410,390,420,460,520,590,710,830,830,930,1010,1060,1130,1260,1330,1500,1550,1730,1890,1900,2080,2170,
Kyrgyz Republic,KGZ,"GNI per capita, Atlas method (current US$)",NY.GNP.PCAP.CD,,,,,,,,,,,,,,,,,,,,,,,,,,,,,,,,,520,450,370,360,390,390,360,300,280,280,290,340,400,450,500,610,760,860,850,880,1040,1190,1250,1180,1110,1110,1220,1270,1240,1280,1440,
Cambodia,KHM,"GNI per capita, Atlas method (current US$)",NY.GNP.PCAP.CD,,,,,,,,,,,,,,,,,,,,,,,,,,,,,,,,,,,,240,310,320,290,300,300,310,320,360,410,470,520,590,670,690,750,810,880,960,1020,1070,1160,1260,1420,1560,1530,1580,1690,
Kiribati,KIR,"GNI per capita, Atlas method (current US$)",NY.GNP.PCAP.CD,,,,,,,,,,,,,,,,,,,840,840,700,690,780,740,560,520,510,570,660,680,730,970,1010,970,1000,1100,1040,1280,1390,1240,1270,1270,1180,1240,1390,1600,1650,1750,1840,1820,1950,1980,2500,2840,3050,3280,2660,2790,2990,3220,2680,2740,2810,
St. Kitts and Nevis,KNA,"GNI per capita, Atlas method (current US$)",NY.GNP.PCAP.CD,,,,,,,,,,,,,,,,,,,,1380,1670,1850,1940,2000,2230,2490,3040,3630,4320,4590,5170,5240,5680,6150,6650,7220,7580,7930,7650,8060,8850,9160,9150,9140,10330,11670,12560,13260,15860,15710,15790,16520,16790,18210,18410,18360,19320,20020,21510,23450,19180,18430,20020,
"Korea, Rep.",KOR,"GNI per capita, Atlas method (current US$)",NY.GNP.PCAP.CD,,,120,120,130,130,140,150,190,240,280,310,340,430,550,660,810,970,1280,1680,1870,2030,2050,2170,2340,2480,2850,3530,4520,5380,6450,7570,8310,9010,10090,11820,13320,13550,10330,10430,11030,11950,12850,13790,16200,18520,20800,23440,23860,22040,22280,23580,25650,26970,28160,28720,29330,30290,32740,33830,33040,35200,36190,
Kuwait,KWT,"GNI per capita, Atlas method (current US$)",NY.GNP.PCAP.CD,,,,,,,,,,,,,,,,,,,,,,,,,,,,,,,,,,,18810,19910,19930,20860,19800,17530,19000,19710,19760,23240,29130,35760,42480,47530,51810,45410,43190,44130,49020,51310,50050,41040,34540,30870,32300,34660,31530,34850,40600,
Latin America & Caribbean (excluding high income),LAC,"GNI per capita, Atlas method (current US$)",NY.GNP.PCAP.CD,,,,,,,,,,,,,,,,,,,,,,,,,,,,,,4607.799004,2884.196945,2496.175082,2789.960503,3067.076424,3440.91783,3675.299692,3987.201578,4282.985261,4289.24663,4054.119173,4095.20203,3951.29026,3725.385312,3739.731532,4017.019908,4470.163154,5127.267673,5961.023182,6844.719979,6966.347543,7731.136491,8575.848993,9464.345056,9907.598085,9731.958078,8892.76767,8138.35859,8002.203506,8283.430533,8350.678088,7292.26924,7694.393296,8234.84006,
Lao PDR,LAO,"GNI per capita, Atlas method (current US$)",NY.GNP.PCAP.CD,,,,,,,,,,,,,,,,,,,,,,,,,,,550,430,250,210,190,210,240,270,310,350,380,370,300,280,280,300,320,330,380,450,510,610,740,880,990,1130,1360,1600,1810,1970,2110,2240,2470,2520,2470,2510,2310,
Lebanon,LBN,"GNI per capita, Atlas method (current US$)",NY.GNP.PCAP.CD,,,,,,,,,,,,,,,,,,,,,,,,,,,,,,,1020,1350,1580,1880,2280,2820,3330,3560,3750,3960,4090,4060,3950,3690,4720,4940,4900,5360,5910,6680,7410,7800,8080,7970,7520,7440,7750,8330,8750,8650,6400,4970,,
Liberia,LBR,"GNI per capita, Atlas method (current US$)",NY.GNP.PCAP.CD,,,,,,,,,,,,,,,,,,,,,,,,,,,,,,,,,,,,,,,,,,,250,180,210,250,280,310,370,410,440,500,540,620,630,630,620,630,620,610,600,630,680,
Libya,LBY,"GNI per capita, Atlas method (current US$)",NY.GNP.PCAP.CD,,,,,,,,,,,,,,,,,,,,,,,,,,,,,,,,,,,,,,,,,,,5290,5240,5190,6780,8550,10510,12040,11150,11560,6230,14020,12590,9620,8830,8100,10310,11630,10680,7400,7880,7260,
St. Lucia,LCA,"GNI per capita, Atlas method (current US$)",NY.GNP.PCAP.CD,,,,,,,,,,,,,,,,,,,,,,,1470,1440,1580,1840,2380,2710,3200,3450,3620,3740,4260,4260,4340,4490,4690,4620,4810,5050,5460,5250,5280,5650,6300,6550,7210,7510,8160,8140,8240,8870,8970,9000,9000,8970,9640,10200,10980,11040,8750,10280,12400,
Latin America & Caribbean,LCN,"GNI per capita, Atlas method (current US$)",NY.GNP.PCAP.CD,,,,,,,,,,,,,,,,,,,,,,,,,,,,,,4433.385925,2893.116812,2558.67088,2857.590444,3122.123425,3470.133409,3724.21287,4036.549727,4343.853174,4349.669514,4145.369623,4214.610697,4100.005193,3855.867518,3851.86298,4170.944968,4661.836623,5356.081994,6238.369897,7179.635663,7339.842749,8136.903585,8958.287878,9888.318738,10304.13691,10194.12408,9225.271417,8485.622802,8368.065551,8705.329105,8808.260568,7712.947575,8185.89757,8770.775463,
Least developed countries: UN classification,LDC,"GNI per capita, Atlas method (current US$)",NY.GNP.PCAP.CD,,,,,,,,,,,,,,,,,,,,,,,,,,238.2540549,262.3675439,293.9096791,317.2279743,332.2674395,341.422668,363.0705267,310.5398247,299.1637299,282.5062582,287.3801245,283.1580929,290.1938141,285.9850908,288.5049565,301.4826137,307.39933,318.2339039,342.2193477,393.9290257,447.9695384,497.8682272,569.9597589,663.9767722,732.2454958,790.489762,845.4653884,915.2151093,983.6619655,1026.947366,1006.700938,992.1486353,1025.349727,1069.390382,1111.302582,1083.942275,1141.256114,1227.257883,
Low income,LIC,"GNI per capita, Atlas method (current US$)",NY.GNP.PCAP.CD,,,,,,,,,,,,,,,,,,,,,,,,,,,,,,,,,590.6382622,555.8501998,517.6206596,490.1440687,435.1070986,425.9286709,401.4676832,393.7792922,400.7220684,421.0968161,444.1631442,481.9853883,552.0223462,619.0703232,694.7302178,794.645941,911.1734011,1007.1411,1073.752738,863.2918777,751.1832579,727.8267697,752.3031617,734.0403383,728.474326,737.9625756,687.1974953,683.8190839,653.4262649,669.6742094,714.5549143,
Liechtenstein,LIE,"GNI per capita, Atlas method (current US$)",NY.GNP.PCAP.CD,,,,,,,,,,,,,5190,6590,8340,10330,11440,12700,15230,19140,23400,23410,20990,19300,19460,20100,23200,31500,41770,43770,45510,47570,54300,56640,61950,70040,78620,80300,77930,79020,79240,68600,65420,68800,79030,93020,104310,112410,122130,116600,,,,,,,,,,,,,,
Sri Lanka,LKA,"GNI per capita, Atlas method (current US$)",NY.GNP.PCAP.CD,,,,130,130,130,150,170,170,170,170,170,180,210,250,280,260,260,240,270,280,300,320,310,330,370,410,430,460,450,470,500,550,600,640,700,750,800,820,840,870,830,840,940,1060,1200,1350,1530,1760,1970,2380,2850,3370,3530,3730,3860,3980,4210,4360,4220,3880,4000,3610,
Lower middle income,LMC,"GNI per capita, Atlas method (current US$)",NY.GNP.PCAP.CD,,,,,,,,125.4608054,126.8693067,136.5817505,144.6443233,151.3101067,162.5449598,189.2508886,230.1008878,272.8577983,291.5954248,301.0307452,326.8272697,369.1065461,423.9909323,462.5352154,476.682236,470.2527037,463.4134211,482.6086838,516.3785965,556.3263427,575.951921,552.2281669,541.020953,510.1386352,507.9565191,490.2516816,498.3363322,528.0047151,575.0028975,597.5977582,597.9156409,610.4859477,620.4476589,630.9966684,638.2698205,698.9340593,804.2883208,917.6463377,1024.58266,1184.798919,1341.848448,1457.743558,1583.769568,1726.484802,1906.500278,2006.528155,2061.697188,2026.204767,2040.072029,2077.540662,2200.767654,2262.333987,2129.580683,2318.870687,2526.898924,
Low & middle income,LMY,"GNI per capita, Atlas method (current US$)",NY.GNP.PCAP.CD,,,,,,,,287.122566,291.6451089,317.0947371,343.9934071,358.4435464,385.1201173,457.0105657,553.0564674,656.1030989,681.2659122,706.5365056,784.7938456,917.0567548,1087.561625,1186.368073,1158.73309,1068.443012,974.2581383,951.4125352,979.8886244,1049.99592,1121.852769,1118.767776,941.3953255,857.831369,891.4476026,931.7180151,974.104083,1040.008049,1112.344551,1179.373632,1141.356148,1120.61075,1155.984277,1163.54804,1181.665047,1282.947118,1487.352998,1724.904611,1990.5962,2346.478753,2751.635628,2958.659504,3300.397751,3653.658081,4130.134251,4463.20252,4606.502683,4483.601976,4392.862716,4472.285147,4780.787018,5008.725777,4823.409154,5294.299993,5680.268568,
Lesotho,LSO,"GNI per capita, Atlas method (current US$)",NY.GNP.PCAP.CD,,,,,,,80,90,80,80,90,90,100,140,210,220,260,290,320,380,420,490,580,510,460,380,370,390,470,490,520,550,620,640,660,680,700,690,620,620,590,650,600,680,810,1030,1140,1300,1290,1180,1260,1340,1480,1430,1320,1280,1230,1150,1240,1300,1160,1170,1230,
Late-demographic dividend,LTE,"GNI per capita, Atlas method (current US$)",NY.GNP.PCAP.CD,,,,,,,,,,,,,562.9427835,673.423128,783.1339839,871.964578,833.0260275,876.6773683,1016.068985,1236.843179,1496.05743,1572.905062,1498.559888,1415.086749,1452.353723,1469.234012,1482.515679,1598.883732,1810.556344,1903.171884,1296.526087,1133.153574,1145.860689,1201.021498,1261.124638,1415.817475,1566.476181,1709.47229,1661.375974,1597.187052,1633.944674,1645.025858,1722.200806,1918.198627,2276.577081,2690.960214,3190.326255,3877.080964,4697.742146,5131.427989,5773.969954,6508.274963,7480.00615,8270.005159,8674.639121,8502.474811,8346.352333,8552.644231,9348.172904,10013.08864,9886.494308,10964.05775,11775.12953,
Lithuania,LTU,"GNI per capita, Atlas method (current US$)",NY.GNP.PCAP.CD,,,,,,,,,,,,,,,,,,,,,,,,,,,,,,,,,,,,,,2600,2860,2980,3210,3450,3820,4700,6010,7560,8800,10600,12680,12460,12570,13320,14100,15340,16070,15190,14890,15280,17470,19090,19700,21850,23870,
Luxembourg,LUX,"GNI per capita, Atlas method (current US$)",NY.GNP.PCAP.CD,,,1630,1680,1870,1920,2020,2070,2240,2560,3220,3440,4050,5200,6850,7890,8470,9030,10600,12870,15390,15400,14850,13410,12990,13050,15520,19980,25870,28540,31330,35170,38990,40050,41330,45760,48560,49360,46350,46520,45690,45000,42520,46050,62680,73180,71370,85730,86000,70650,77640,79210,87950,85160,86760,73530,73730,75800,79770,79180,80980,87610,89200,
Latvia,LVA,"GNI per capita, Atlas method (current US$)",NY.GNP.PCAP.CD,,,,,,,,,,,,,,,,,,,,,,,,,,,,,,,,,,,,,,2720,2870,2990,3320,3600,3940,4670,5830,7390,8930,11230,13520,14120,12650,12740,13800,14850,15340,15110,14800,14870,16560,17580,17900,19910,21850,
"Macao SAR, China",MAC,"GNI per capita, Atlas method (current US$)",NY.GNP.PCAP.CD,,,,,,,,,,,,,,,,,,,,,,,,,4690,4530,5160,6440,7400,7970,8810,9750,12230,13910,15580,16950,17020,16890,15350,14390,14580,15720,16260,17750,22040,23670,25770,33430,32900,34990,43710,52570,58830,67640,70480,60760,62300,68110,73830,72820,44420,46350,43680,
St. Martin (French part),MAF,"GNI per capita, Atlas method (current US$)",NY.GNP.PCAP.CD,,,,,,,,,,,,,,,,,,,,,,,,,,,,,,,,,,,,,,,,,,,,,,,,,,,,,,,,,,,,,,,,
Morocco,MAR,"GNI per capita, Atlas method (current US$)",NY.GNP.PCAP.CD,,,,,,,,,240,250,260,280,300,360,460,550,590,620,660,800,990,980,950,790,730,690,780,870,1090,1120,1170,1250,1290,1250,1370,1320,1540,1480,1530,1540,1570,1570,1540,1740,2050,2300,2490,2620,2970,3150,3190,3260,3230,3350,3320,3290,3140,3160,3380,3500,3260,3620,3670,
Monaco,MCO,"GNI per capita, Atlas method (current US$)",NY.GNP.PCAP.CD,,,,,,,,,,,,,,,,,,,,,,,,,,,,,,,,,,,,,,,,,,,,,,,,,,,,,,,,,,,,,,,,
Moldova,MDA,"GNI per capita, Atlas method (current US$)",NY.GNP.PCAP.CD,,,,,,,,,,,,,,,,,,,,,,,,,,,,,,,,,,,,,,630,580,510,490,500,590,710,910,1120,1280,1440,1870,1950,2380,2730,3140,3620,3730,3290,3180,3300,3850,4490,4360,5270,5500,
Madagascar,MDG,"GNI per capita, Atlas method (current US$)",NY.GNP.PCAP.CD,,,130,130,140,140,150,160,170,170,180,180,190,210,260,300,290,300,310,380,480,490,510,470,420,390,390,360,340,290,300,270,280,290,280,280,290,290,290,270,280,290,270,330,340,330,320,370,440,460,460,470,480,500,500,470,450,460,490,510,460,490,510,
Maldives,MDV,"GNI per capita, Atlas method (current US$)",NY.GNP.PCAP.CD,,,,,,,,,,,,,,,,,,,,,,,,,,,,,,,,,,,,,,1730,1820,1940,2050,2230,2640,3460,3880,3650,4700,4560,5490,5480,5990,6690,6790,7040,7660,8070,8530,9120,9880,10400,6890,9350,10880,
Middle East & North Africa,MEA,"GNI per capita, Atlas method (current US$)",NY.GNP.PCAP.CD,,,,,,,,,,,,,,,,,,,,,,,,,,,,,,,,,,,,2538.425226,2724.056561,2870.347166,2874.877739,2874.015891,3035.529973,3135.22665,3101.689735,3323.28702,3811.675586,4322.969313,4935.378088,5661.943544,6565.084679,6782.836844,7234.875519,7428.614949,8231.930063,8613.501861,8564.90754,7918.525495,7539.318374,7180.416242,7391.307501,7493.681956,6931.137611,7418.544763,8311.301983,
Mexico,MEX,"GNI per capita, Atlas method (current US$)",NY.GNP.PCAP.CD,,,380,410,460,490,530,570,630,660,700,750,840,1010,1230,1480,1560,1490,1600,1900,2560,3300,3030,2410,2220,2300,2100,2090,2140,2430,2860,3330,3860,4700,5600,5160,4950,4980,5380,5900,6620,7150,7540,7820,8280,8520,9170,9760,10330,9310,9560,9850,10590,10810,11050,10660,9800,9310,9610,9930,8960,9920,10820,
Marshall Islands,MHL,"GNI per capita, Atlas method (current US$)",NY.GNP.PCAP.CD,,,,,,,,,,,,,,,,,,,,,,,,,,,,,,,,,,,,3060,2640,2500,2540,2650,2770,2940,2970,3070,3280,3470,3390,3580,3490,3610,3710,3780,3800,4280,4490,4910,4970,5220,5940,6640,6480,6520,7270,
Middle income,MIC,"GNI per capita, Atlas method (current US$)",NY.GNP.PCAP.CD,,,,,,,,297.0381293,301.670222,328.4451189,356.5917162,371.6736809,399.6061071,474.5983905,574.2289831,681.0057328,706.9035194,732.7773518,814.8542775,952.9128821,1130.71628,1234.555338,1206.650914,1113.87297,1015.837441,992.197466,1020.210404,1091.631733,1165.789786,1161.893655,974.4242164,884.3807264,924.6268451,969.0912954,1015.982354,1087.803584,1167.698039,1240.349171,1201.686992,1180.841749,1219.298134,1226.751226,1245.650766,1353.687679,1571.261272,1825.585464,2110.576615,2492.592075,2927.740076,3148.829752,3520.587734,3931.171329,4469.830168,4843.154294,5003.555144,4875.150909,4781.343413,4874.434553,5228.487997,5490.08298,5296.131004,5828.105965,6264.93744,
North Macedonia,MKD,"GNI per capita, Atlas method (current US$)",NY.GNP.PCAP.CD,,,,,,,,,,,,,,,,,,,,,,,,,,,,,,,,,1720,1450,1400,1790,2180,2220,2010,1910,1920,1820,1850,2110,2590,3020,3350,3620,4370,4650,4740,4840,4770,5030,5220,5130,5000,4940,5500,5890,5730,6280,6660,
Mali,MLI,"GNI per capita, Atlas method (current US$)",NY.GNP.PCAP.CD,,,,,,,,,,60,60,60,70,80,90,120,140,160,170,210,240,230,190,170,160,180,200,230,280,280,270,310,310,310,270,260,260,270,270,280,280,290,280,340,390,450,480,520,590,640,670,710,710,750,780,770,750,730,800,820,790,820,850,
Malta,MLT,"GNI per capita, Atlas method (current US$)",NY.GNP.PCAP.CD,,,,,,,,,,,,,1090,1260,1560,1990,2120,2320,2660,3300,4280,4670,4550,3940,3830,3690,4000,4930,6260,6910,7600,7940,8720,8570,8600,9720,10210,10200,10070,10530,11380,10970,10710,12170,14100,15660,16350,17580,20410,20310,21370,22120,22160,23370,24560,25230,23440,24660,27610,29330,26480,30770,32860,
Myanmar,MMR,"GNI per capita, Atlas method (current US$)",NY.GNP.PCAP.CD,,,30,30,20,20,10,10,20,20,20,20,20,30,30,40,40,40,30,30,40,40,40,40,40,40,40,40,40,50,50,50,60,70,80,110,130,130,130,150,190,190,170,190,230,280,300,360,490,660,870,1030,1160,1250,1250,1220,1230,1220,1300,1370,1310,1230,1270,
Middle East & North Africa (excluding high income),MNA,"GNI per capita, Atlas method (current US$)",NY.GNP.PCAP.CD,,,,,,,,,,,,,,,,,,,,,,,,,,,,,,,,,,,,1325.056264,1469.868205,1577.216765,1621.790801,1682.050727,1763.359147,1814.450808,1796.737963,1874.527898,2120.851725,2385.965968,2713.52264,3168.670136,3718.975319,4062.495995,4402.934686,4241.14361,4592.688853,4636.720441,4473.546432,4032.819854,3932.511467,3774.012075,3682.126808,3535.3698,3184.980837,3404.122357,3743.696208,
Montenegro,MNE,"GNI per capita, Atlas method (current US$)",NY.GNP.PCAP.CD,,,,,,,,,,,,,,,,,,,,,,,,,,,,,,,,,,,,,,,,,,,1970,2440,3100,3660,4320,5120,6470,6740,6920,7260,7000,7330,7320,7260,7090,7410,8450,9140,7900,9370,10480,
Mongolia,MNG,"GNI per capita, Atlas method (current US$)",NY.GNP.PCAP.CD,,,,,,,,,,,,,,,,,,,,,,,,1440,1320,1230,1350,1530,1710,1610,1450,1210,810,510,420,460,540,570,510,470,460,470,520,600,750,880,1110,1400,1800,1790,2010,2610,3690,4390,4270,3850,3520,3250,3700,3840,3720,3730,4260,
Northern Mariana Islands,MNP,"GNI per capita, Atlas method (current US$)",NY.GNP.PCAP.CD,,,,,,,,,,,,,,,,,,,,,,,,,,,,,,,,,,,,,,,,,,,,,,,,,,,,,,,,,,,,,,,,
Mozambique,MOZ,"GNI per capita, Atlas method (current US$)",NY.GNP.PCAP.CD,,,,,,,,,,,,,,,,,,,,,,,,,,,,,,,,,,210,190,190,210,250,280,330,320,320,290,320,370,400,430,460,510,550,530,560,610,680,700,650,540,470,460,490,460,450,440,
Mauritania,MRT,"GNI per capita, Atlas method (current US$)",NY.GNP.PCAP.CD,,,,180,230,270,270,280,300,280,300,290,300,350,490,530,550,570,580,650,730,740,680,650,620,590,620,680,750,770,740,820,910,950,850,870,950,850,810,800,710,640,640,710,800,940,1150,1240,1400,1480,1540,1630,1790,1890,1790,1690,1560,1570,1710,1750,1760,1860,2080,
Mauritius,MUS,"GNI per capita, Atlas method (current US$)",NY.GNP.PCAP.CD,,,,,,,,,,,,,,,,,,,1010,1220,1240,1280,1190,1070,1030,1060,1250,1620,2060,2220,2430,2620,2990,3120,3230,3470,3780,3900,3780,3660,3900,3970,3960,4410,5170,5600,5910,6470,7380,7720,8250,8400,9550,10090,10460,10410,10270,10560,11910,12440,10220,10280,10360,
Malawi,MWI,"GNI per capita, Atlas method (current US$)",NY.GNP.PCAP.CD,,,,,,,,,,,,,,,,,,,,,,,270,250,250,240,230,230,240,240,270,310,290,310,230,240,250,290,290,260,230,210,250,320,440,430,450,480,530,590,650,710,660,590,540,510,500,480,500,550,580,620,640,
Malaysia,MYS,"GNI per capita, Atlas method (current US$)",NY.GNP.PCAP.CD,,,250,260,280,320,340,350,360,360,380,410,460,600,780,900,960,1020,1180,1510,1870,2010,1930,1870,2020,1980,1920,2020,2210,2330,2470,2630,2950,3310,3670,4120,4570,4690,3690,3430,3490,3570,3800,4160,4710,5230,5770,6540,7400,7470,8110,8890,9980,10600,10870,10400,9880,9680,10360,10960,10320,10740,11830,
North America,NAC,"GNI per capita, Atlas method (current US$)",NY.GNP.PCAP.CD,,,3235.09293,3364.961092,3553.627013,3816.550173,4125.05998,4295.932952,4660.750801,4981.860119,5138.149843,5514.051084,6157.277638,7170.920482,7908.82321,8462.509696,8945.616123,9549.664654,10666.6535,12047.35593,13214.6405,14172.82928,13993.92865,14336.87558,15909.81618,17121.12824,18665.13959,20899.12656,23017.42891,23384.21517,23725.48519,23950.76999,25260.96979,25885.0774,26991.0962,28233.80047,29342.95921,30301.56948,30943.95937,32486.9883,34675.65426,35386.02502,35977.82087,38371.8846,42158.29816,45034.76234,46882.79093,47851.38747,48715.26226,47451.21834,48732.69529,50327.41878,52532.06352,53746.34439,55281.27251,55575.21638,55713.67359,57453.21051,61445.91987,64125.07592,62546.13719,69070.81656,74323.88357,
Namibia,NAM,"GNI per capita, Atlas method (current US$)",NY.GNP.PCAP.CD,,,,,,,,,,,,,,,,,,,,,,,2180,2010,1830,1450,1470,1770,1870,2000,2090,2240,2390,2270,2320,2500,2530,2510,2370,2220,2210,2060,1970,2240,2850,3490,4000,4220,4330,4280,4540,5190,5800,6020,5870,5380,4810,4700,5000,5270,4650,4660,5010,
New Caledonia,NCL,"GNI per capita, Atlas method (current US$)",NY.GNP.PCAP.CD,,,,,,,,1830,2160,2520,3220,3420,3780,4000,5280,6400,6440,6580,6980,6900,7980,7940,7160,5920,5480,5510,6170,8070,13270,14540,14760,15200,16070,15880,16320,17720,18240,17810,14520,13650,13210,,,,,,,,,,,,,,,,,,,37170,36580,37370,,
Niger,NER,"GNI per capita, Atlas method (current US$)",NY.GNP.PCAP.CD,,,150,150,150,160,160,160,160,140,140,150,150,150,200,220,210,230,280,340,390,380,340,280,210,210,240,260,310,310,320,350,410,370,290,260,230,230,240,230,220,220,220,240,280,330,350,380,440,470,510,520,540,570,580,550,520,510,570,590,550,590,580,
Nigeria,NGA,"GNI per capita, Atlas method (current US$)",NY.GNP.PCAP.CD,,,,,,,,,,,,,,,,,,,,,,,,,,,,,,,,,,,,,,,,,,,,,,,,,1950,2030,2130,2180,2450,2700,2970,2860,2460,2090,2020,2110,2110,2160,2160,
Nicaragua,NIC,"GNI per capita, Atlas method (current US$)",NY.GNP.PCAP.CD,,,,,,,,,,,,,,,,,,,,,,,,,,,,,1660,420,300,210,230,290,440,610,860,870,870,910,950,960,960,990,1080,1160,1200,1280,1390,1380,1460,1560,1660,1730,1810,1870,1930,2000,1940,1880,1760,1970,2090,
Netherlands,NLD,"GNI per capita, Atlas method (current US$)",NY.GNP.PCAP.CD,,,1220,1310,1460,1700,1840,2000,2230,2550,2830,3230,3770,4970,6240,7470,8170,8910,10240,12500,14520,13710,12090,10840,10510,10120,11450,14410,18190,19130,19900,20830,23030,23540,24850,27110,29250,29400,27830,28150,28160,26840,26390,30290,36630,41960,45270,48620,51670,52310,53430,53650,51500,51900,51600,49300,46480,46270,50540,51930,50170,58170,60230,
Norway,NOR,"GNI per capita, Atlas method (current US$)",NY.GNP.PCAP.CD,,,1610,1710,1860,2050,2240,2470,2630,2850,3130,3580,4230,5320,6750,8380,9150,9960,11110,13110,15650,16410,15750,14930,15140,15710,17550,20830,23970,25080,26500,27820,30780,30210,30850,32690,35790,37910,36110,35570,36600,38280,39930,44830,54290,64050,70300,78750,87850,88130,88940,90920,99750,104830,105070,93440,81870,76230,80970,82430,78610,81670,94540,
Nepal,NPL,"GNI per capita, Atlas method (current US$)",NY.GNP.PCAP.CD,,,50,50,50,50,60,70,70,70,70,70,80,80,100,110,110,110,110,120,130,150,150,140,150,160,160,170,200,200,200,200,190,190,190,200,210,210,200,210,220,230,230,250,280,300,330,370,430,480,540,630,760,840,860,870,860,970,1110,1220,1180,1230,1340,
Nauru,NRU,"GNI per capita, Atlas method (current US$)",NY.GNP.PCAP.CD,,,,,,,,,,,,,,,,,,,,,,,,,,,,,,,,,,,,,,,,,,,,,,,,,,,,,9700,11400,12280,11280,11340,11100,13020,15550,16500,18010,17800,
New Zealand,NZL,"GNI per capita, Atlas method (current US$)",NY.GNP.PCAP.CD,,,,,,,,,,,,,,,,,,,,6530,7670,8240,7860,7370,7010,6950,7860,10010,12550,13570,13640,12160,12050,12360,13400,15280,16730,17170,15790,15040,14070,13800,14170,16990,21530,25450,26390,28150,28610,29680,29670,32220,36700,39950,41690,40660,39450,38860,41680,43110,41590,45770,49090,
OECD members,OED,"GNI per capita, Atlas method (current US$)",NY.GNP.PCAP.CD,,,1469.008003,1555.891074,1671.998995,1809.502293,1968.489428,2089.17451,2284.951123,2480.779699,2625.023767,2853.85374,3262.040467,3977.000188,4639.225027,5182.76814,5473.1506,5848.177419,6655.985855,7947.649399,9151.31972,9532.559936,9053.409488,8660.556043,8974.172677,9411.04458,10549.11495,12609.18732,15294.91911,16125.91034,16877.97329,17510.15766,18962.89735,19457.20602,20421.33065,21687.49041,22659.05118,22744.79053,21933.27946,22212.21196,23182.66551,23151.82473,23010.969,24733.84731,28187.98754,31019.47174,32513.90528,33763.50115,35201.41754,34577.16458,35533.29132,36654.50738,37757.8355,38396.8255,38501.47864,37373.30701,36509.34645,36685.59252,39095.79014,40388.97669,38831.89892,42789.55082,45275.37411,
Oman,OMN,"GNI per capita, Atlas method (current US$)",NY.GNP.PCAP.CD,,,,,,,,170,240,300,350,360,390,340,780,1700,3110,3070,3000,3480,4490,6210,7040,6960,7110,7270,6420,5690,5380,5760,5730,6030,6500,6280,6200,6360,6550,6820,6450,6210,6840,7600,7770,8140,9320,10670,12760,14840,18090,18920,19540,18870,22030,23030,22020,20520,18520,16620,17250,17820,17090,17960,20020,
Other small states,OSS,"GNI per capita, Atlas method (current US$)",NY.GNP.PCAP.CD,,,,,,,,,,,,,,,,,,,,,,,,,,,,,,,,,,,,,,,,,,,4108.36313,4597.379483,5582.679673,6717.918774,8128.059163,9545.776142,10909.72045,10754.72312,11304.79116,12291.66216,13605.31871,14609.95957,14786.6401,13742.25669,12605.94566,11930.65457,12683.30356,13345.94522,12287.05676,12893.22516,14018.71235,
Pakistan,PAK,"GNI per capita, Atlas method (current US$)",NY.GNP.PCAP.CD,,,90,100,100,110,120,130,140,150,170,180,170,150,150,160,180,200,230,270,310,340,350,330,330,330,340,350,380,380,370,370,400,410,410,440,450,440,410,410,470,530,600,640,740,840,900,950,1020,1040,1020,1050,1140,1240,1280,1320,1400,1490,1610,1570,1420,1470,1560,
Panama,PAN,"GNI per capita, Atlas method (current US$)",NY.GNP.PCAP.CD,,,500,530,550,590,630,670,710,770,810,890,960,1090,1230,1380,1360,1570,1810,2040,2280,2500,2660,2570,2600,2870,2940,3290,2770,2580,2660,2750,3040,3260,3440,3440,3600,3640,3710,3790,3920,3860,3970,4070,4500,4820,5130,5810,6580,6940,7290,8590,9580,10670,11220,12240,12810,13770,14820,15330,12930,14590,16960,
Peru,PER,"GNI per capita, Atlas method (current US$)",NY.GNP.PCAP.CD,,,,,,,,,,,,,,,,,,,,,,,2380,1020,760,790,960,1230,1010,910,840,1210,1410,1550,1750,1940,2140,2270,2140,2020,1960,1880,1940,2060,2260,2520,2780,3180,3760,3940,4380,4930,5740,6360,6470,6290,6070,6030,6430,6770,6000,6420,6740,
Philippines,PHL,"GNI per capita, Atlas method (current US$)",NY.GNP.PCAP.CD,,,230,200,180,190,210,220,240,260,240,240,240,290,350,420,470,490,550,660,770,840,830,760,650,590,620,680,750,800,830,830,890,940,1060,1170,1330,1400,1320,1250,1180,1170,1130,1170,1290,1380,1490,1710,2000,2160,2360,2500,2840,3140,3300,3350,3410,3480,3640,3770,3350,3550,3950,
Palau,PLW,"GNI per capita, Atlas method (current US$)",NY.GNP.PCAP.CD,,,,,,,,,,,,,,,,,,,,,,,,,,,,,,,,,,,,,,,,,,,9100,8770,9400,10320,10790,11650,11550,10780,11040,11940,12540,12720,14020,15750,16620,16430,15980,16180,15130,13420,,
Papua New Guinea,PNG,"GNI per capita, Atlas method (current US$)",NY.GNP.PCAP.CD,,,130,130,140,150,170,180,200,220,250,270,300,390,490,550,530,540,640,740,820,830,760,710,710,720,760,820,950,960,890,930,980,1130,1170,1060,1040,930,780,680,600,530,490,480,540,650,790,1050,1370,1470,1670,1740,2160,2360,2810,2540,2430,2330,2330,2430,2420,2430,2700,
Poland,POL,"GNI per capita, Atlas method (current US$)",NY.GNP.PCAP.CD,,,,,,,,,,,,,,,,,,,,,,,,,,,,,,,,,2080,2480,2760,3250,3840,4240,4360,4440,4670,4710,4900,5500,6260,7330,8420,9930,11940,12490,12670,12810,13090,13230,13470,13250,12660,12690,14180,15330,15300,16910,18900,
Pre-demographic dividend,PRE,"GNI per capita, Atlas method (current US$)",NY.GNP.PCAP.CD,,,,,,,,,,,,,,,,,,,,,,,,,,,,,,,,,,,,,,,,,,,,,,,,,1182.012668,1260.839538,1327.372534,1384.525094,1550.551324,1684.909133,1781.027674,1671.575808,1506.81303,1379.157126,1366.048653,1428.862956,1356.10558,1393.363672,1463.692223,
Puerto Rico,PRI,"GNI per capita, Atlas method (current US$)",NY.GNP.PCAP.CD,,,820,900,960,1060,1160,1240,1370,1560,1750,1910,2100,2380,2590,2660,2650,2740,2980,3390,3720,3890,3770,3670,3970,4280,4750,5350,5860,6050,5950,6300,6760,7100,7370,7820,8130,8510,8690,9590,10550,10950,11250,12170,14260,14750,15030,15860,16360,16580,16920,17670,18680,19170,19280,19420,19710,20000,21010,22040,21200,22460,24560,
"Korea, Dem. People's Rep.",PRK,"GNI per capita, Atlas method (current US$)",NY.GNP.PCAP.CD,,,,,,,,,,,,,,,,,,,,,,,,,,,,,,,,,,,,,,,,,,,,,,,,,,,,,,,,,,,,,,,,
Portugal,PRT,"GNI per capita, Atlas method (current US$)",NY.GNP.PCAP.CD,,,410,430,470,520,570,640,730,790,950,1070,1270,1700,2070,2210,2330,2430,2530,2870,3350,3420,3230,2830,2520,2530,3080,4160,5630,6320,7130,8180,9860,10100,10450,11210,12100,12370,12190,12260,12180,11850,11780,13290,16190,18600,19410,20860,22640,22990,23030,22770,21170,21380,21200,20460,19940,20060,22060,23200,21850,23960,25950,
Paraguay,PRY,"GNI per capita, Atlas method (current US$)",NY.GNP.PCAP.CD,,,,,,,,,,,,,,,,,,,,,,,,,,,,,,,,,,,,1740,1910,1910,1790,1660,1500,1470,1390,1290,1430,1620,1970,2490,3300,3720,4390,4820,5150,5950,6270,6090,5860,5800,6040,5940,5540,5740,5920,
West Bank and Gaza,PSE,"GNI per capita, Atlas method (current US$)",NY.GNP.PCAP.CD,,,,,,,,,,,,,,,,,,,,,,,,,,,,,,,,,,,,,1470,1630,1780,1800,1550,1370,1190,1370,1640,1780,1710,1790,2040,2250,2510,2880,3210,3470,3560,3670,3900,3930,4190,4270,3700,4270,4610,
Pacific island small states,PSS,"GNI per capita, Atlas method (current US$)",NY.GNP.PCAP.CD,,,,,,,,,,,,,,,,,,,,,,,1431.903816,1286.688501,1323.62887,1260.769514,1366.897588,1351.6415,1379.432195,1386.409436,1411.425916,1420.000635,1580.674753,1658.428808,1794.679555,1991.52818,2125.327777,2077.912333,1924.481649,1921.79811,1823.797838,1757.18965,1718.109905,1851.718351,2177.313555,2506.193601,2578.380087,2720.277282,2900.546632,2889.652872,2897.697374,3034.587005,3256.136678,3610.054937,3745.254183,3785.867308,3833.811977,3896.490879,4202.925441,4326.262847,3876.27676,3783.246197,4105.079185,
Post-demographic dividend,PST,"GNI per capita, Atlas method (current US$)",NY.GNP.PCAP.CD,,,1535.208938,1628.367305,1752.25897,1900.647998,2071.69418,2203.751329,2414.296102,2628.721013,2787.33113,3038.753867,3485.020132,4262.032816,4973.338792,5564.077116,5888.25903,6317.349955,7214.312949,8628.890304,9935.436778,10324.55044,9854.236184,9495.727258,9897.720864,10408.3227,11737.09786,14096.24518,17178.83915,18133.22196,18960.87015,19660.80339,21293.1554,21798.01283,22890.57938,24424.41516,25585.83901,25711.24422,24741.3807,25072.02746,26135.78648,26151.73136,25996.97287,28021.19178,32002.65253,35232.9476,36889.3056,38232.44406,39816.62137,39209.14818,40353.20559,41682.95207,42911.55355,43649.18453,43774.54455,42538.72469,41749.6009,42148.23354,45086.11834,46736.18112,45069.09393,49750.65548,52837.30499,
French Polynesia,PYF,"GNI per capita, Atlas method (current US$)",NY.GNP.PCAP.CD,,,,,,,,1970,2370,2280,2250,2470,2490,3110,4300,4790,5250,5530,6340,7490,8470,8480,7710,7050,7050,7170,9410,11930,13870,14290,14670,15540,20700,20380,20390,21290,22020,21050,19670,18980,18560,,,,,,,,,,,,,,,,,,,,,,,
Qatar,QAT,"GNI per capita, Atlas method (current US$)",NY.GNP.PCAP.CD,,,,,,,,,,,,,,,,,,,,,,,,,,,,,,,,,,,,,,,,,,,25520,27950,35010,39010,51190,57400,65230,62950,68920,75540,83990,91130,89830,78040,66030,57190,59150,61750,58440,62400,70120,
Romania,ROU,"GNI per capita, Atlas method (current US$)",NY.GNP.PCAP.CD,,,,,,,,,,,,,,,,,,,,,,,,,,,,,,,,,1240,1190,1270,1490,1640,1590,1580,1610,1710,1760,1950,2250,2960,3880,4900,6510,8800,9220,8710,9010,9200,9390,9760,9610,9460,10030,11520,12670,12710,14190,15570,
Russian Federation,RUS,"GNI per capita, Atlas method (current US$)",NY.GNP.PCAP.CD,,,,,,,,,,,,,,,,,,,,,,,,,,,,,,,,3440,3090,2920,2650,2640,2600,2650,2130,1750,1710,1780,2100,2590,3410,4450,5810,7560,9580,9230,9980,11060,13490,15190,14630,11780,9730,9210,10250,11280,10750,11760,12750,
Rwanda,RWA,"GNI per capita, Atlas method (current US$)",NY.GNP.PCAP.CD,,,40,40,30,40,40,40,50,50,60,60,60,70,80,100,130,160,180,220,260,280,260,250,240,250,290,320,360,360,350,300,300,250,130,220,200,220,230,260,270,270,260,250,270,310,350,400,480,540,590,640,690,710,720,730,730,720,770,810,760,840,930,
South Asia,SAS,"GNI per capita, Atlas method (current US$)",NY.GNP.PCAP.CD,,,86.38815676,93.4341858,103.7894379,108.3958942,104.4318911,105.5908642,102.9824065,110.2161803,116.7528716,120.7790622,124.7216622,140.7460865,163.0477266,186.002442,180.2541903,183.3229982,202.1430899,220.8633153,265.4543044,291.6264121,285.8245313,279.7311691,277.7295418,287.1524712,306.460666,341.1861055,378.7224579,375.9577911,372.4513533,345.2548023,346.8952932,332.4792222,345.9727037,370.9476527,401.9840831,409.7379308,410.8096847,430.6787366,442.4205562,455.4992346,467.2587106,519.4449304,606.0753441,695.4751659,768.4783182,876.684686,955.6104922,1057.847717,1146.989826,1271.717521,1383.419282,1431.012749,1475.898039,1520.57471,1617.641324,1744.372746,1928.219111,2014.204609,1865.302813,2074.07295,2283.313985,
Saudi Arabia,SAU,"GNI per capita, Atlas method (current US$)",NY.GNP.PCAP.CD,,,,,,,,,,,890,960,1090,1510,2980,4230,7520,8230,8340,10540,13600,15960,13700,11280,10220,9170,9350,7890,7810,7220,7490,8370,8500,8010,7660,7710,7880,8010,7740,7350,7810,8180,8070,9200,10800,12350,13670,15080,17420,16730,17480,19750,22930,24510,24910,23430,21590,20090,21880,23180,22430,24030,27680,
Sudan,SDN,"GNI per capita, Atlas method (current US$)",NY.GNP.PCAP.CD,,,110,110,110,120,110,110,120,130,140,150,150,180,240,300,350,380,390,420,470,490,460,390,350,330,390,470,540,660,780,1070,530,380,320,410,410,410,360,350,350,390,440,540,640,790,960,1200,1410,1430,1430,1640,1700,1720,1880,1950,2190,2430,1390,940,630,650,760,
Senegal,SEN,"GNI per capita, Atlas method (current US$)",NY.GNP.PCAP.CD,,,,,,,,,330,300,320,310,340,360,440,550,590,580,570,700,820,820,750,590,550,550,640,820,950,940,920,930,980,940,770,740,710,710,700,690,670,660,630,730,880,1000,1040,1110,1260,1340,1350,1320,1330,1360,1390,1330,1300,1300,1420,1460,1470,1560,1620,
Singapore,SGP,"GNI per capita, Atlas method (current US$)",NY.GNP.PCAP.CD,,,490,530,510,540,590,660,750,850,970,1090,1280,1600,2090,2660,2930,3020,3370,3990,4730,5380,5680,6170,6930,7100,7330,8080,9320,10320,11450,12970,15270,17710,20780,23630,25610,27730,24010,23360,23680,22130,22000,23440,26170,28830,32550,36010,37230,37320,44930,48250,51710,54470,56380,53160,53290,54920,56560,58910,55260,63000,67200,
Solomon Islands,SLB,"GNI per capita, Atlas method (current US$)",NY.GNP.PCAP.CD,,,,,,,,,,,,,,,,,,,,,,,750,700,660,600,560,580,580,570,610,640,770,820,960,1150,1260,1250,1180,1110,940,890,800,880,990,1140,1180,1250,1360,1430,1580,1690,1840,2130,2160,2100,2110,2150,2320,2390,2340,2290,2210,
Sierra Leone,SLE,"GNI per capita, Atlas method (current US$)",NY.GNP.PCAP.CD,,,,,150,160,150,140,140,150,160,160,160,190,220,250,220,210,240,310,370,360,360,300,300,240,180,180,180,210,190,170,130,160,160,180,200,190,170,150,140,150,200,260,270,290,260,370,420,440,420,440,460,650,680,550,540,520,510,520,490,510,600,
El Salvador,SLV,"GNI per capita, Atlas method (current US$)",NY.GNP.PCAP.CD,,,,,,,,300,300,310,320,330,350,390,440,490,540,620,720,790,750,760,720,690,710,730,760,820,860,850,880,910,1030,1140,1260,1450,1560,1660,1720,1790,1880,1930,1990,2110,2270,2420,2590,2710,2900,2850,2910,3100,3250,3390,3450,3490,3570,3670,3900,4090,3780,4360,4720,
San Marino,SMR,"GNI per capita, Atlas method (current US$)",NY.GNP.PCAP.CD,,,,,,,,,,,,,,,,,,,,,,,,,,,,,,,,,,,,,,,,,,,,,,,,,,,,,,,,,,39740,42250,44390,41450,47120,,
Somalia,SOM,"GNI per capita, Atlas method (current US$)",NY.GNP.PCAP.CD,,,70,70,70,70,80,80,80,80,90,90,100,120,120,170,180,170,140,110,110,120,120,110,110,120,130,140,150,150,140,,,,,,,,,,,,,,,,,,,,,,,,,500,510,540,550,570,540,580,600,
Serbia,SRB,"GNI per capita, Atlas method (current US$)",NY.GNP.PCAP.CD,,,,,,,,,,,,,,,,,,,,,,,,,,,,,,,,,,,,,,2990,2990,2610,1610,1540,1520,2390,3250,3790,4130,4830,6030,6450,6220,6190,6080,6460,6240,5960,5700,5570,6410,7040,7440,8470,9290,
Sub-Saharan Africa (excluding high income),SSA,"GNI per capita, Atlas method (current US$)",NY.GNP.PCAP.CD,,,,,,,,,,,,,,,,,,,,,,,,,,,,,,,,,,731.4681258,703.6764923,727.0880803,730.8512093,740.4233153,692.8350591,673.9288034,662.0475807,637.1198084,624.6735098,680.9508691,826.0988015,1021.775788,1146.781409,1263.059237,1377.657654,1420.1095,1489.429578,1585.167875,1721.610529,1804.104371,1861.14334,1756.808963,1596.29219,1514.451463,1531.534733,1583.213646,1515.811338,1580.682878,1645.897803,
South Sudan,SSD,"GNI per capita, Atlas method (current US$)",NY.GNP.PCAP.CD,,,,,,,,,,,,,,,,,,,,,,,,,,,,,,,,,,,,,,,,,,,,,,,,,,,,770,800,1090,1170,1040,,,,,,,,
Sub-Saharan Africa,SSF,"GNI per capita, Atlas method (current US$)",NY.GNP.PCAP.CD,,,,,,,,,,,,,,,,,,,,,,,,,,,,,,,,,,732.3484868,704.5802563,727.9701298,731.8086725,741.4460482,693.7999366,674.9135013,663.0649383,638.1081575,625.586588,681.9022912,827.2344637,1023.08926,1148.255899,1264.3738,1378.71942,1421.016439,1490.314202,1586.092124,1722.63817,1805.094967,1862.195728,1757.932936,1597.53701,1515.85787,1532.748499,1584.482574,1516.835362,1581.660193,1646.924023,
Small states,SST,"GNI per capita, Atlas method (current US$)",NY.GNP.PCAP.CD,,,,,,,,,,,,,,,,,,,,,,,,,,,,,,,,,,,,,,,,,,,4187.054213,4645.262673,5509.816661,6468.539968,7650.457857,8846.364452,10048.57296,9873.809303,10311.64261,11032.27405,12210.2439,13083.54506,13261.83848,12474.74182,11514.34422,11007.12817,11652.06306,12229.11093,11177.66242,11787.90762,12948.11896,
Sao Tome and Principe,STP,"GNI per capita, Atlas method (current US$)",NY.GNP.PCAP.CD,,,,,,,,,,,,,,,,,,,,,,,,,,,,,,,,,,,,,,,,,,,,600,690,800,910,940,1000,1080,1090,1130,1150,1320,1420,1370,1400,1430,1650,1800,2010,2210,2400,
Suriname,SUR,"GNI per capita, Atlas method (current US$)",NY.GNP.PCAP.CD,,,290,240,260,380,460,510,520,530,560,580,640,710,890,1210,1300,1520,1810,2070,2200,2530,2400,2210,2230,2260,2340,2420,2890,2170,1400,1130,1040,990,1120,1350,1640,1840,2050,1930,1940,1630,1870,2130,2730,3210,3910,4890,6130,6740,7380,7680,8290,8690,8990,8640,6740,5770,5790,6020,4500,4490,4970,
Slovak Republic,SVK,"GNI per capita, Atlas method (current US$)",NY.GNP.PCAP.CD,,,,,,,,,,,,,,,,,,,,,,,,,,,,,,,,,,,,4220,5020,5420,5430,5380,5540,5730,6040,6980,9060,11370,12950,14940,17290,17150,17620,17590,17830,18270,18340,17760,16840,16670,18400,19200,19250,20670,22070,
Slovenia,SVN,"GNI per capita, Atlas method (current US$)",NY.GNP.PCAP.CD,,,,,,,,,,,,,,,,,,,,,,,,,,,,,,,,,,,,,,11240,11000,11320,11270,10950,10920,12630,15610,18310,19820,21800,24660,24450,24620,24630,23260,23240,23620,22270,21790,22140,24650,26060,25480,28370,29590,
Sweden,SWE,"GNI per capita, Atlas method (current US$)",NY.GNP.PCAP.CD,,,2310,2490,2740,2960,3190,3460,3770,4100,4690,4990,5670,7050,8580,10160,10720,11290,12460,14790,17300,17530,15760,13550,13020,13080,15330,19360,24190,26090,27760,29110,31340,28200,27690,28070,30400,31390,31110,31300,31610,29720,29090,32750,39790,45770,49150,52310,55720,52640,54630,56700,59090,61800,61870,58440,54390,53050,55700,56470,54820,60700,63500,
Eswatini,SWZ,"GNI per capita, Atlas method (current US$)",NY.GNP.PCAP.CD,,,,,,,,,,,,,290,360,460,,,,,,,,,,,,,,,,1250,1290,1470,1470,1490,1770,1870,1900,1690,1690,1630,1660,1520,1640,2080,2970,3170,3350,3240,3210,3350,3740,4190,4290,4020,3700,3370,3310,3550,3620,3350,3740,3750,
Sint Maarten (Dutch part),SXM,"GNI per capita, Atlas method (current US$)",NY.GNP.PCAP.CD,,,,,,,,,,,,,,,,,,,,,,,,,,,,,,,,,,,,,,,,,,,,,,,,,,,,,,26830,28820,30780,33740,31670,30240,33050,28530,30830,35260,
Seychelles,SYC,"GNI per capita, Atlas method (current US$)",NY.GNP.PCAP.CD,,,290,310,330,320,360,350,350,330,350,410,480,630,770,870,910,870,1170,1760,2150,2460,2460,2340,2380,2640,2930,3440,4250,4820,5370,5550,6400,6850,6900,6910,7430,7940,7520,7630,7920,7860,7330,8000,9870,11850,13380,12890,11520,10310,10160,11150,12540,12330,13170,13890,15220,17130,15230,16160,13490,13210,12010,
Syrian Arab Republic,SYR,"GNI per capita, Atlas method (current US$)",NY.GNP.PCAP.CD,,,,,,,,,,,,,,,,,,,,,,,,,,,,,,,,,,,,,,,,,4100,4390,4660,5090,5750,6330,7000,7670,8630,9660,10330,5440,2650,1280,1080,910,760,730,820,980,780,560,,
Turks and Caicos Islands,TCA,"GNI per capita, Atlas method (current US$)",NY.GNP.PCAP.CD,,,,,,,,,,,,,,,,,,,,,,,,,,,,,,,,,,,,,,,,,,,,,,,,,,,,,,,22050,23420,24990,24850,26420,26960,20270,23010,25240,
Chad,TCD,"GNI per capita, Atlas method (current US$)",NY.GNP.PCAP.CD,,,110,110,110,120,120,130,130,140,140,140,150,160,190,230,220,230,250,220,250,240,210,190,180,210,210,220,270,280,270,300,330,250,230,210,200,210,220,200,180,190,200,220,340,470,540,640,700,840,910,890,960,970,970,880,730,640,670,690,660,660,690,
East Asia & Pacific (IDA & IBRD countries),TEA,"GNI per capita, Atlas method (current US$)",NY.GNP.PCAP.CD,,,73.03841609,79.25747993,87.64141667,99.13061923,107.1264509,101.1955309,98.26291305,110.1797765,123.2092798,126.6274692,133.6741919,161.3717252,189.0671538,220.2418081,215.8724339,229.1493493,265.8605018,318.1941469,382.6512265,402.0223238,392.9762932,375.5398647,383.9774179,385.1378249,385.6130735,407.1181264,451.8611659,475.4137828,481.6601825,496.1477243,540.1163372,614.0472025,675.7686637,757.489261,830.4252115,899.0860806,842.4837256,865.3407917,921.8506603,993.297553,1074.513318,1220.981019,1435.896269,1653.592693,1913.179743,2295.351012,2796.375053,3248.601342,3798.070922,4390.287433,5130.924826,5763.511854,6266.081022,6518.583792,6727.025812,7069.60862,7757.549553,8351.032322,8424.82525,9443.449395,10153.53563,
Europe & Central Asia (IDA & IBRD countries),TEC,"GNI per capita, Atlas method (current US$)",NY.GNP.PCAP.CD,,,,,,,,,,,,,,,,,,,,,,,,,,,,,,,,2329.174797,2204.289547,2148.454991,1966.740856,2055.016567,2121.167239,2223.043758,2094.811897,1979.889566,2074.069897,2004.469043,2167.058393,2535.064341,3247.140744,4110.175961,5023.99214,6195.691716,7545.040366,7509.280384,7968.584331,8566.481051,9679.418103,10547.76693,10481.50942,9276.890166,8201.983767,7941.781408,8469.321961,8929.475032,8630.433194,9476.479591,10344.94672,
Togo,TGO,"GNI per capita, Atlas method (current US$)",NY.GNP.PCAP.CD,,,80,80,100,100,110,120,120,130,130,120,140,160,220,250,260,280,320,330,400,370,300,240,220,220,250,300,380,390,390,390,400,330,310,300,300,340,320,310,300,290,300,340,380,390,400,450,570,730,760,820,810,850,870,860,820,790,850,880,890,950,1010,
Thailand,THA,"GNI per capita, Atlas method (current US$)",NY.GNP.PCAP.CD,,,120,120,130,140,160,170,190,200,210,220,220,270,340,400,430,470,540,630,740,780,790,790,820,820,860,980,1190,1350,1520,1690,1920,2150,2410,2740,2950,2670,2080,1980,1980,1960,1980,2170,2520,2780,3080,3490,3920,4080,4510,4860,5420,5610,5640,5580,5570,5820,6450,7080,6920,7090,7230,
Tajikistan,TJK,"GNI per capita, Atlas method (current US$)",NY.GNP.PCAP.CD,,,,,,,,,,,,,,,,,,,,,,,,,,,,,,,,,340,290,210,210,170,160,170,180,170,160,170,210,260,370,460,570,740,790,910,1010,1140,1310,1340,1250,1110,1020,1020,1070,1050,1160,1210,
Turkmenistan,TKM,"GNI per capita, Atlas method (current US$)",NY.GNP.PCAP.CD,,,,,,,,,,,,,,,,,,,,,,,,,,,,,,,,,,770,680,600,610,550,560,610,590,640,730,960,1270,1550,1830,2250,2940,3430,3930,4560,5370,6280,6950,6790,6590,6160,6500,7130,,,,
Latin America & the Caribbean (IDA & IBRD countries),TLA,"GNI per capita, Atlas method (current US$)",NY.GNP.PCAP.CD,,,,,,,,,,,,,,,,,,,,,,,,,,,,,,4446.545698,2859.026123,2519.044829,2829.172643,3105.376401,3455.17232,3701.627846,4015.941613,4334.514216,4342.750415,4117.512882,4174.767021,4050.688769,3796.222693,3778.965943,4082.29601,4573.572865,5274.947301,6168.590989,7125.092868,7289.392683,8104.315026,8935.114564,9875.214815,10289.9771,10173.16479,9171.887809,8406.362241,8275.505614,8604.24299,8697.537495,7606.014774,8068.760783,8640.47278,
Timor-Leste,TLS,"GNI per capita, Atlas method (current US$)",NY.GNP.PCAP.CD,,,,,,,,,,,,,,,,,,,,,,,,,,,,,,,,,,,,,,,,,,,770,680,800,950,1340,1870,3010,2350,2860,3730,3560,3190,2690,2180,1740,1800,1820,2420,2560,2390,1980,
Middle East & North Africa (IDA & IBRD countries),TMN,"GNI per capita, Atlas method (current US$)",NY.GNP.PCAP.CD,,,,,,,,,,,,,,,,,,,,,,,,,,,,,,,,,,,,1324.353057,1469.441536,1576.019427,1619.209443,1679.836799,1765.331632,1819.064426,1803.124497,1879.873747,2125.969876,2392.445956,2724.397509,3183.693331,3737.474394,4082.607354,4424.057683,4256.464819,4608.376794,4649.96256,4483.955598,4036.977728,3932.882648,3772.219149,3676.245074,3526.724588,3178.926259,3393.85234,3733.279467,
Tonga,TON,"GNI per capita, Atlas method (current US$)",NY.GNP.PCAP.CD,,,,,,,,,,,,,,,,,,,,,,,,660,660,690,750,840,1030,1120,1180,1300,1390,1470,1750,2000,2280,2240,2140,2070,1990,1930,1910,1900,2060,2300,2600,2790,3160,3080,3270,3660,4130,4320,4350,4210,4220,4440,4710,5130,5200,4930,,
South Asia (IDA & IBRD),TSA,"GNI per capita, Atlas method (current US$)",NY.GNP.PCAP.CD,,,86.38815676,93.4341858,103.7894379,108.3958942,104.4318911,105.5908642,102.9824065,110.2161803,116.7528716,120.7790622,124.7216622,140.7460865,163.0477266,186.002442,180.2541903,183.3229982,202.1430899,220.8633153,265.4543044,291.6264121,285.8245313,279.7311691,277.7295418,287.1524712,306.460666,341.1861055,378.7224579,375.9577911,372.4513533,345.2548023,346.8952932,332.4792222,345.9727037,370.9476527,401.9840831,409.7379308,410.8096847,430.6787366,442.4205562,455.4992346,467.2587106,519.4449304,606.0753441,695.4751659,768.4783182,876.684686,955.6104922,1057.847717,1146.989826,1271.717521,1383.419282,1431.012749,1475.898039,1520.57471,1617.641324,1744.372746,1928.219111,2014.204609,1865.302813,2074.07295,2283.313985,
Sub-Saharan Africa (IDA & IBRD countries),TSS,"GNI per capita, Atlas method (current US$)",NY.GNP.PCAP.CD,,,,,,,,,,,,,,,,,,,,,,,,,,,,,,,,,,732.3484868,704.5802563,727.9701298,731.8086725,741.4460482,693.7999366,674.9135013,663.0649383,638.1081575,625.586588,681.9022912,827.2344637,1023.08926,1148.255899,1264.3738,1378.71942,1421.016439,1490.314202,1586.092124,1722.63817,1805.094967,1862.195728,1757.932936,1597.53701,1515.85787,1532.748499,1584.482574,1516.835362,1581.660193,1646.924023,
Trinidad and Tobago,TTO,"GNI per capita, Atlas method (current US$)",NY.GNP.PCAP.CD,,,630,740,800,800,740,750,760,770,790,830,960,1150,1440,2080,2430,2700,3230,3780,4940,5840,6490,5950,5880,5750,4950,4160,3800,3500,3570,3750,4250,3920,3720,3810,4050,4300,4410,4650,5140,5770,6420,7650,9190,10590,12560,14170,16370,15270,15500,14090,16890,18860,19290,19170,16550,15640,15430,15740,13670,14850,16190,
Tunisia,TUN,"GNI per capita, Atlas method (current US$)",NY.GNP.PCAP.CD,,,,,,,,220,250,260,270,310,400,450,600,750,800,820,910,1090,1320,1380,1240,1150,1140,1120,1110,1240,1300,1260,1380,1430,1640,1620,1670,1760,1930,2080,2110,2220,2230,2200,2130,2390,2820,3080,3240,3450,3770,3970,4090,4010,4190,4240,4250,4070,3870,3650,3650,3540,3220,3560,3830,
Turkiye,TUR,"GNI per capita, Atlas method (current US$)",NY.GNP.PCAP.CD,,,,,,,,460,510,550,560,530,560,640,850,1110,1310,1410,1520,1820,1860,1870,1570,1400,1310,1310,1440,1740,1850,1910,2290,2570,2920,3120,2650,2810,2880,3140,3390,3540,4260,3530,3540,3900,5210,6750,7790,8880,9770,9550,10380,11190,11880,12570,12630,12080,11340,11090,10650,9800,9160,10010,10640,
Tuvalu,TUV,"GNI per capita, Atlas method (current US$)",NY.GNP.PCAP.CD,,,,,,,,,,,,,,,,,,,,,,,,,,,,,,,,,,,,,,,,,,2700,3430,2620,3390,3760,3930,4690,4800,4900,4510,4760,4480,5650,4790,5690,5490,5350,6160,6650,6470,6830,7160,
Tanzania,TZA,"GNI per capita, Atlas method (current US$)",NY.GNP.PCAP.CD,,,,,,,,,,,,,,,,,,,,,,,,,,,,,,,190,180,170,170,160,160,190,210,260,320,390,390,410,420,460,490,510,530,590,660,720,760,800,880,960,960,950,950,1000,1040,1050,1120,1200,
Uganda,UGA,"GNI per capita, Atlas method (current US$)",NY.GNP.PCAP.CD,,,,,,,,,,,,,,,,,,,,,,,,,170,190,240,310,390,400,320,240,190,170,180,230,270,290,290,280,270,240,250,250,280,310,350,380,430,550,680,860,830,810,830,850,820,760,770,810,820,850,930,
Ukraine,UKR,"GNI per capita, Atlas method (current US$)",NY.GNP.PCAP.CD,,,,,,,,,,,,,,,,,,,,,,,,,,,,,,1620,1580,1490,1400,1220,1000,920,860,890,850,760,680,720,790,980,1270,1540,1950,2590,3210,2840,3030,3150,3650,3950,3560,2800,2360,2360,2750,3310,3570,4110,4260,
Upper middle income,UMC,"GNI per capita, Atlas method (current US$)",NY.GNP.PCAP.CD,,,,,,,,460.4992789,468.9561216,514.3575776,566.96922,589.5338348,634.1463571,761.9889344,919.5151794,1091.059889,1112.888607,1157.322727,1307.391445,1562.964824,1892.094807,2069.929268,1965.490208,1746.343032,1533.586403,1445.943196,1451.36113,1547.119938,1687.204233,1724.348909,1364.473567,1223.216069,1301.414869,1399.993426,1483.769405,1597.560181,1712.605604,1835.441469,1767.190766,1721.947589,1792.368037,1803.408637,1839.330557,2000.578634,2336.119022,2738.289813,3209.47699,3826.708345,4555.552382,4899.270502,5543.48081,6253.569192,7189.789048,7874.836,8171.337523,7965.840782,7777.466749,7953.42343,8586.250258,9097.002185,8865.335096,9819.670875,10547.90186,
Uruguay,URY,"GNI per capita, Atlas method (current US$)",NY.GNP.PCAP.CD,,,580,630,670,690,730,640,620,670,820,860,870,1050,1350,1600,1460,1400,1600,2120,2830,3610,3260,2180,1730,1500,1770,2200,2590,2720,2840,3180,3840,4360,5050,5560,6200,7030,7310,7340,7120,6550,5170,4260,4140,4730,5410,6450,7850,9040,10820,12600,14080,16310,16960,16900,16320,16550,17520,18170,16080,16180,18000,
United States,USA,"GNI per capita, Atlas method (current US$)",NY.GNP.PCAP.CD,,,3280,3410,3610,3880,4190,4370,4740,5070,5230,5620,6280,7290,7980,8510,8960,9590,10760,12200,13390,14360,14220,14570,16210,17460,19110,21390,23490,23770,24060,24270,25680,26390,27660,29040,30270,31280,32030,33680,35970,36710,37320,39770,43530,46190,47850,48530,49120,47900,49190,50660,52680,53840,55620,56460,57020,59080,63290,66120,64670,71390,76770,
Uzbekistan,UZB,"GNI per capita, Atlas method (current US$)",NY.GNP.PCAP.CD,,,,,,,,,,,,,,,,,,,,,,,,,,,,,,,,,600,590,570,580,600,610,620,650,630,560,450,420,460,530,610,770,980,1150,1410,1730,2160,2430,2600,2740,2790,2470,2120,1880,1770,1980,2190,
St. Vincent and the Grenadines,VCT,"GNI per capita, Atlas method (current US$)",NY.GNP.PCAP.CD,,,170,160,160,170,170,160,170,180,190,200,270,280,310,340,360,430,520,660,780,900,970,1020,1130,1250,1370,1570,1850,1940,2020,2130,2420,2550,2510,2730,2840,2900,3010,3130,3380,3650,4010,4430,4810,5080,5610,6070,6420,6570,6350,6430,6760,7030,6910,7160,7520,7750,8350,8640,8330,8490,9110,
"Venezuela, RB",VEN,"GNI per capita, Atlas method (current US$)",NY.GNP.PCAP.CD,,,940,980,950,890,820,840,900,910,990,1020,1120,1340,1720,2140,2480,2600,2790,3180,3600,4090,4030,3770,3620,3500,3590,3340,3380,2550,2650,2680,2850,2830,2720,3020,3080,3440,3390,3540,4080,4560,3950,3460,4070,4930,6070,7550,9300,10270,11690,11890,12660,11950,13010,,,,,,,,,
British Virgin Islands,VGB,"GNI per capita, Atlas method (current US$)",NY.GNP.PCAP.CD,,,,,,,,,,,,,,,,,,,,,,,,,,,,,,,,,,,,,,,,,,,,,,,,,,,,,,,,,,,,,,,,
Virgin Islands (U.S.),VIR,"GNI per capita, Atlas method (current US$)",NY.GNP.PCAP.CD,,,,,,,,,,,,,,,,,,,,,,,,,,,,,,,,,,,,,,,,,,,,,,,,,,,,,,,,,,,,,,,,
Viet Nam,VNM,"GNI per capita, Atlas method (current US$)",NY.GNP.PCAP.CD,,,,,,,,,,,,,,,,,,,,,,,,,,,,,,220,130,110,130,160,190,250,300,340,350,360,380,400,420,470,540,640,730,840,990,1120,1370,1630,1980,2200,2400,2480,2580,2720,3060,3340,3450,3590,4010,
Vanuatu,VUT,"GNI per capita, Atlas method (current US$)",NY.GNP.PCAP.CD,,,,,,,,,,,,,,,,,,,,,,920,820,790,880,910,960,870,970,1070,1200,1090,1120,1130,1190,1220,1310,1360,1410,1390,1370,1320,1180,1310,1530,1710,1920,2020,2360,2430,2510,2710,2750,2930,2930,2770,2780,2860,3120,3590,3250,3420,3650,
World,WLD,"GNI per capita, Atlas method (current US$)",NY.GNP.PCAP.CD,,,523.2398358,552.1435537,591.0772583,635.9592055,681.9377568,712.4305362,764.6490152,824.5449669,870.0534195,935.3258841,1053.502302,1272.100107,1482.124603,1658.563508,1743.705477,1847.321472,2082.232855,2464.890367,2832.941912,2950.581211,2797.157041,2646.312657,2665.732071,2738.917915,3013.814355,3514.145508,4161.463305,4320.162421,4326.958201,4383.761014,4689.531091,4788.608088,4991.040809,5289.165566,5524.674129,5569.849209,5332.168886,5336.502636,5520.546124,5496.264832,5449.97502,5844.866782,6658.51614,7371.943507,7853.095702,8363.679926,8956.243927,8991.424188,9426.899632,9895.412936,10470.10498,10836.32243,10948.99977,10591.30118,10339.24915,10414.80966,11100.6539,11513.20044,11059.24206,12115.69226,12870.57207,
Samoa,WSM,"GNI per capita, Atlas method (current US$)",NY.GNP.PCAP.CD,,,,,,,,,,,,,,,,,,,,,,,,,490,460,480,510,530,560,550,520,,,,,,,,,,,1410,1550,1830,2220,2450,2640,2950,3140,3400,3540,3560,3720,3790,3930,4080,4050,4060,4230,4020,3820,3660,
Kosovo,XKX,"GNI per capita, Atlas method (current US$)",NY.GNP.PCAP.CD,,,,,,,,,,,,,,,,,,,,,,,,,,,,,,,,,,,,,,,,,,,,,,,,,,,3150,3390,3540,3800,3910,3930,3930,3950,4300,4640,4440,5130,5660,
"Yemen, Rep.",YEM,"GNI per capita, Atlas method (current US$)",NY.GNP.PCAP.CD,,,,,,,,,,,,,,,,,,,,,,,,,,,,,,,,,1140,1280,1530,1200,640,440,360,360,400,450,490,510,580,660,760,840,950,1030,1130,1010,1180,1340,1360,1110,1070,1000,840,,,,,
South Africa,ZAF,"GNI per capita, Atlas method (current US$)",NY.GNP.PCAP.CD,,,550,580,620,660,690,750,790,850,920,990,1040,1250,1570,1790,1720,1650,1750,2080,2660,3050,2940,2700,2640,2270,2090,2290,2730,2880,2890,3020,3290,3440,3610,3780,3830,3790,3420,3330,3280,3080,2890,3180,4070,5480,6180,6510,6560,6420,6810,7700,8320,8050,7340,6550,5960,5950,6390,6740,6110,6540,6780,
Zambia,ZMB,"GNI per capita, Atlas method (current US$)",NY.GNP.PCAP.CD,,,190,190,210,260,270,320,360,400,440,430,430,450,570,580,550,500,500,530,630,730,630,530,440,360,260,270,340,420,450,410,380,390,370,400,420,420,370,370,350,360,380,420,480,580,730,910,1180,1270,1330,1390,1660,1720,1760,1540,1340,1270,1400,1390,1130,1140,1240,
Zimbabwe,ZWE,"GNI per capita, Atlas method (current US$)",NY.GNP.PCAP.CD,,,210,210,180,230,250,280,280,320,380,390,430,520,640,690,660,620,630,720,830,990,910,840,760,660,590,590,690,740,740,700,550,510,490,470,560,520,410,400,360,390,370,340,320,330,290,250,130,440,650,950,1120,1200,1210,1220,1200,1170,1550,1450,1460,1530,1710,
