Country Name,Country Code,Series Name,Series Code,1992 [YR1992],1993 [YR1993],1994 [YR1994],1995 [YR1995],1996 [YR1996],1997 [YR1997],1998 [YR1998],1999 [YR1999],2000 [YR2000],2001 [YR2001],2002 [YR2002],2003 [YR2003],2004 [YR2004],2005 [YR2005],2006 [YR2006],2007 [YR2007],2008 [YR2008],2009 [YR2009],2010 [YR2010],2011 [YR2011],2012 [YR2012],2013 [YR2013]
Afghanistan,AFG,"Population, total",SP.POP.TOTL,12057433,14003760,15455555,16418912,17106595,17788819,18493132,19262847,19542982,19688632,21000256,22645130,23553551,24411191,25442944,25903301,26427199,27385307,28189672,29249157,30466479,31541209
Albania,ALB,"Population, total",SP.POP.TOTL,3247039,3227287,3207536,3187784,3168033,3148281,3128530,3108778,3089027,3060173,3051010,3039616,3026939,3011487,2992547,2970017,2947314,2927519,2913021,2905195,2900401,2895092
Algeria,DZA,"Population, total",SP.POP.TOTL,26748303,27354327,27937006,28478022,28984634,29476031,29924668,30346083,30774621,31200985,31624696,32055883,32510186,32956690,33435080,33983827,34569592,35196037,35856344,36543541,37260563,38000626
American Samoa,ASM,"Population, total",SP.POP.TOTL,50078,51174,52288,53401,54500,55578,56603,57594,58230,58324,58177,57941,57626,57254,56837,56383,55891,55366,54849,54310,53691,52995
Andorra,AND,"Population, total",SP.POP.TOTL,57283,59156,61037,62928,64147,64682,65186,65655,66097,67820,70849,73907,76933,79826,80221,78168,76055,73852,71519,70567,71013,71367
Angola,AGO,"Population, total",SP.POP.TOTL,12632507,13038270,13462031,13912253,14383350,14871146,15366864,15870753,16394062,16941587,17516139,18124342,18771125,19450959,20162340,20909684,21691522,22507674,23364185,24259111,25188292,26147002
Antigua and Barbuda,ATG,"Population, total",SP.POP.TOTL,64659,65834,67072,68398,69798,71218,72572,73821,75055,76215,77195,78075,78941,79869,80895,82016,83251,84534,85695,86729,87674,88497
Argentina,ARG,"Population, total",SP.POP.TOTL,33568285,34027240,34488696,34946110,35389362,35815971,36233195,36653031,37070774,37480493,37885028,38278164,38668796,39070501,39476851,39876111,40273769,40684338,40788453,41261490,41733271,42202935
Armenia,ARM,"Population, total",SP.POP.TOTL,3574555,3457349,3373713,3322782,3298898,3271418,3240550,3206030,3168523,3133133,3105037,3084102,3065745,3047246,3026486,3004393,2983421,2964296,2946293,2928976,2914421,2901385
Aruba,ABW,"Population, total",SP.POP.TOTL,70192,72360,74710,77050,79417,81858,84355,86867,89101,90691,91781,92701,93540,94483,95606,96787,97996,99212,100341,101288,102112,102880
Australia,AUS,"Population, total",SP.POP.TOTL,17478635,17634808,17805468,18004882,18224767,18423037,18607584,18812264,19028802,19274701,19495210,19720737,19932722,20176844,20450966,20827622,21249199,21691653,22031750,22340024,22733465,23128129
Austria,AUT,"Population, total",SP.POP.TOTL,7840709,7905633,7936118,7948278,7959017,7968041,7976789,7992324,8011566,8042293,8081957,8121423,8171966,8227829,8268641,8295487,8321496,8343323,8363404,8391643,8429991,8479823
Azerbaijan,AZE,"Population, total",SP.POP.TOTL,7382050,7494800,7596550,7684850,7763000,7838250,7913000,7982750,8048600,8111200,8171950,8234100,8306500,8391850,8484550,8581300,8763400,8947243,9054332,9173082,9295784,9416801
"Bahamas, The",BHS,"Population, total",SP.POP.TOTL,281973,288164,293997,299554,304933,310171,315398,320272,325014,329626,334002,338490,343089,347804,352664,357666,362795,368057,373272,377950,382061,385650
Bahrain,BHR,"Population, total",SP.POP.TOTL,554470,573755,593254,612934,632756,652643,672484,692133,711442,730257,748324,778256,833451,901921,970981,1040532,1110343,1179453,1213645,1212077,1224939,1261673
Bangladesh,BGD,"Population, total",SP.POP.TOTL,111272102,113418757,115614891,117793338,119876868,122039226,124350471,126754824,129193327,131670484,134139826,136503206,138789725,140912590,142628831,144135934,145421318,146706810,148391139,150211005,152090649,154030139
Barbados,BRB,"Population, total",SP.POP.TOTL,260212,260995,261712,262303,262793,263224,263642,264170,264657,265377,266455,267499,268505,269477,270425,271444,272635,273791,274711,275486,276197,276865
Belarus,BLR,"Population, total",SP.POP.TOTL,10216470,10239050,10226955,10193831,10159569,10117433,10071963,10026738,9979610,9928549,9865548,9796749,9730146,9663915,9604924,9560953,9527985,9504583,9483836,9461643,9446836,9443211
Belgium,BEL,"Population, total",SP.POP.TOTL,10045158,10084475,10115603,10136811,10156637,10181245,10203008,10226419,10251250,10286570,10332785,10376133,10421137,10478617,10547958,10625700,10709973,10796493,10895586,11038264,11106932,11159407
Belize,BLZ,"Population, total",SP.POP.TOTL,190299,194177,198416,203556,209840,217117,224907,232733,240406,248100,255987,263998,272128,280375,288729,297173,305671,314171,322106,329538,337059,344688
Benin,BEN,"Population, total",SP.POP.TOTL,5457778,5706181,5923394,6046511,6203860,6387026,6584183,6788589,6998023,7212041,7431783,7659208,7894554,8149419,8402631,8647761,8906469,9172514,9445710,9726380,10014078,10308730
Bermuda,BMU,"Population, total",SP.POP.TOTL,58595,58910,59320,59746,60129,60497,60943,61285,61833,62504,62912,63325,63740,64154,64523,64888,65273,65636,65124,64564,64798,65001
Bhutan,BTN,"Population, total",SP.POP.TOTL,545944,520838,521260,527536,537494,546865,557143,570990,587207,603234,619048,634627,649991,663323,673260,681614,689737,697678,705516,713331,721145,728889
Bolivia,BOL,"Population, total",SP.POP.TOTL,7394419,7544489,7693722,7841471,7989367,8137619,8286928,8439052,8592656,8746084,8900583,9057378,9216279,9377388,9542663,9711152,9880593,10051317,10223270,10396246,10569697,10743349
Bosnia and Herzegovina,BIH,"Population, total",SP.POP.TOTL,4275730,3942981,3762330,3750527,3907751,4047748,4115059,4153014,4179350,4194932,4198410,4183757,4142860,4094297,4058086,4007876,3943392,3877750,3811088,3743142,3674374,3617559
Botswana,BWA,"Population, total",SP.POP.TOTL,1420695,1462262,1503544,1543634,1582169,1619354,1655699,1691558,1726985,1761930,1795130,1826863,1859085,1892807,1928704,1966977,2007320,2048997,2091664,2134037,2175425,2217278
Brazil,BRA,"Population, total",SP.POP.TOTL,155900790,158440875,160980472,163515328,166037122,168546707,171039804,173486281,175873720,178211881,180476685,182629278,184722043,186797334,188820682,190779453,192672317,194517549,196353492,198185302,199977707,201721767
British Virgin Islands,VGB,"Population, total",SP.POP.TOTL,16476,16855,17255,17674,18120,18591,19079,19586,20104,20657,21288,21982,22715,23497,24323,25191,26115,27044,27556,27962,28421,28657
Brunei Darussalam,BRN,"Population, total",SP.POP.TOTL,277416,284713,291935,299097,306196,313215,320152,327045,333926,340748,347463,354045,360461,366717,372808,378748,384568,390311,396053,401506,406634,411702
Bulgaria,BGR,"Population, total",SP.POP.TOTL,8540164,8472313,8443591,8406067,8362826,8312068,8256786,8210624,8170172,8009142,7837161,7775327,7716860,7658972,7601022,7545338,7492561,7444443,7395599,7348328,7305888,7265115
Burkina Faso,BFA,"Population, total",SP.POP.TOTL,9598555,9840075,10091256,10353263,10621210,10897353,11201063,11533554,11882888,12249764,12632269,13030591,13445977,13876127,14316242,14757074,15197915,15650022,16116845,16602651,17113732,17636408
Burundi,BDI,"Population, total",SP.POP.TOTL,5743085,5555220,5586408,5932783,5930507,5923862,6035340,6180180,6307659,6465729,6648938,6860846,7120496,7388874,7658190,7944609,8278109,8709366,9126605,9455733,9795479,10149577
Cabo Verde,CPV,"Population, total",SP.POP.TOTL,381947,391749,401655,411382,421007,430654,440214,449627,458251,465958,473231,480089,486583,492827,498884,504733,510336,515638,521212,527521,533864,539940
Cambodia,KHM,"Population, total",SP.POP.TOTL,9718215,10243550,10636353,10919528,11182612,11431569,11669077,11899006,12118841,12338192,12561779,12787710,13016371,13246583,13477779,13714791,13943888,14155740,14363532,14573885,14786640,14999683
Cameroon,CMR,"Population, total",SP.POP.TOTL,12128604,12486773,12848862,13211647,13575324,13941181,14314599,14698973,15091594,15493253,15914033,16354326,16809407,17275171,17751333,18251866,18777081,19319274,19878036,20448873,21032684,21632850
Canada,CAN,"Population, total",SP.POP.TOTL,28371264,28684764,29000663,29302311,29610218,29905948,30155173,30401286,30685730,31020902,31360079,31644028,31940655,32243753,32571174,32889025,33247118,33628895,34004889,34339328,34714222,35082954
Cayman Islands,CYM,"Population, total",SP.POP.TOTL,28677,30038,31418,32802,34194,35579,36947,38295,39658,41054,42456,43862,45286,46727,48177,49647,51123,52602,54074,55492,56860,58212
Central African Republic,CAF,"Population, total",SP.POP.TOTL,2991727,3089146,3187844,3276706,3363570,3458472,3555064,3655360,3759170,3844773,3930648,4026841,4115138,4208834,4294352,4375569,4467233,4564540,4660067,4732022,4773306,4802428
Chad,TCD,"Population, total",SP.POP.TOTL,6302926,6448280,6592998,6888856,7200291,7450874,7709115,7981889,8259137,8538804,8838369,9196366,9613503,10005012,10365614,10722731,11098664,11496128,11894727,12317730,12754906,13216766
Channel Islands,CHI,"Population, total",SP.POP.TOTL,142011,142291,142466,142559,142898,143549,144211,144811,145306,146044,147167,148341,149538,150763,151985,153225,154475,155721,156933,157819,158621,159794
Chile,CHL,"Population, total",SP.POP.TOTL,13782297,13998386,14210674,14416796,14615483,14809289,14996742,15176410,15351799,15523978,15693790,15859112,16017966,16175311,16334575,16495538,16661462,16833447,17004162,17173573,17341771,17509925
China,CHN,"Population, total",SP.POP.TOTL,1164970000,1178440000,1191835000,1204855000,1217550000,1230075000,1241935000,1252735000,1262645000,1271850000,1280400000,1288400000,1296075000,1303720000,1311020000,1317885000,1324655000,1331260000,1337705000,1345035000,1354190000,1363240000
Colombia,COL,"Population, total",SP.POP.TOTL,33939039,34614735,35295461,35970101,36632573,37291946,37944414,38585033,39215135,39837875,40454050,41057687,41648268,42220940,42772910,43306582,43815313,44313917,44816108,45308899,45782417,46237930
Comoros,COM,"Population, total",SP.POP.TOTL,452990,463318,473478,483760,494288,505033,515959,526443,536758,547741,559047,570130,581154,592683,604658,616899,629470,642493,656024,670071,684553,699393
"Congo, Dem. Rep.",COD,"Population, total",SP.POP.TOTL,38332302,39580844,41511985,43285791,44118709,44822198,45895524,47227238,48616317,50106657,51662071,53205639,54815607,56550247,58381630,60289422,62249724,64270232,66391257,68654269,70997870,73460021
"Congo, Rep.",COG,"Population, total",SP.POP.TOTL,2520958,2594168,2669220,2742309,2816595,2875037,2937166,3016659,3134030,3254101,3331158,3424653,3543012,3672839,3813323,3956329,4089602,4257230,4437884,4584216,4713257,4828066
Costa Rica,CRI,"Population, total",SP.POP.TOTL,3321939,3405372,3489152,3572856,3656234,3739421,3821421,3901430,3979193,4053222,4122623,4188610,4252800,4315887,4378172,4440019,4501921,4563127,4622252,4679926,4736593,4791535
Cote d'Ivoire,CIV,"Population, total",SP.POP.TOTL,12838314,13316448,13802285,14299727,14810946,15335453,15858990,16345894,16799670,17245468,17683897,18116451,18544903,18970215,19394057,19817700,20244449,20677762,21120042,21562914,22010712,22469268
Croatia,HRV,"Population, total",SP.POP.TOTL,4575818,4600463,4652024,4620030,4557097,4534920,4532135,4512597,4468302,4299642,4302174,4303399,4304600,4310145,4311159,4310217,4309705,4305181,4295427,4280622,4267558,4255689
Cuba,CUB,"Population, total",SP.POP.TOTL,10783748,10840934,10887207,10926703,10963031,10998129,11033758,11070094,11105791,11139127,11170051,11199217,11225294,11246114,11260630,11269887,11276609,11283185,11290417,11298710,11309290,11321579
Curacao,CUW,"Population, total",SP.POP.TOTL,143912,144299,144630,145139,146306,146956,144472,139428,133860,129047,129205,131897,134192,137658,141239,144056,145880,146833,148703,150831,152088,153822
Cyprus,CYP,"Population, total",SP.POP.TOTL,810431,825986,844444,862418,880058,897471,914660,931600,948237,964830,982194,1000350,1018684,1037062,1055438,1073873,1092390,1110974,1129686,1145086,1156556,1166968
Czechia,CZE,"Population, total",SP.POP.TOTL,10319123,10329855,10333587,10327253,10315241,10304131,10294373,10283860,10255063,10216605,10196916,10193998,10197101,10211216,10238905,10298828,10384603,10443936,10474410,10496088,10510785,10514272
Data from database: World Development Indicators,,,,,,,,,,,,,,,,,,,,,,,,,
Denmark,DNK,"Population, total",SP.POP.TOTL,5171370,5188628,5206180,5233373,5263074,5284991,5304219,5321799,5339616,5358783,5375931,5390574,5404523,5419432,5437272,5461438,5493621,5523095,5547683,5570572,5591572,5614932
Djibouti,DJI,"Population, total",SP.POP.TOTL,623197,611231,623477,629619,644649,667786,694920,719371,742033,765490,789129,806411,818373,830861,846947,865196,882886,901103,919199,936811,954297,971753
Dominica,DMA,"Population, total",SP.POP.TOTL,69112,69169,69198,69201,69166,69081,68938,68698,68346,68153,68262,68442,68574,68674,68742,68775,68782,68787,68755,68742,68888,68819
Dominican Republic,DOM,"Population, total",SP.POP.TOTL,7427340,7576074,7723934,7869753,8012314,8150076,8282126,8411374,8540791,8669040,8795101,8919852,9043127,9164768,9284168,9402206,9522948,9648061,9775755,9903737,10030882,10157051
Ecuador,ECU,"Population, total",SP.POP.TOTL,10914222,11132829,11347652,11561683,11775221,11987838,12199693,12412046,12626507,12845521,13070609,13301184,13534593,13770012,14009061,14251835,14496797,14742766,14989585,15237728,15483883,15722989
"Egypt, Arab Rep.",EGY,"Population, total",SP.POP.TOTL,59989142,61382200,62775847,64166908,65565195,66993728,68446011,69907887,71371371,72854261,74393759,75963322,77522427,79075310,80629670,82218755,83844783,85501064,87252413,89200054,91240376,93377890
El Salvador,SLV,"Population, total",SP.POP.TOTL,5552206,5630987,5693038,5748195,5797140,5842638,5885083,5923852,5958482,5988095,6011275,6026849,6035655,6037817,6034436,6044131,6068099,6091188,6114034,6137349,6161289,6185642
Equatorial Guinea,GNQ,"Population, total",SP.POP.TOTL,501334,520236,539992,560740,582573,605570,629734,655029,684977,719270,754115,789681,826355,864726,905418,948814,994971,1043686,1094524,1144588,1193636,1243941
Eritrea,ERI,"Population, total",SP.POP.TOTL,1921153,1981419,2042500,2157220,2264073,2291561,2322753,2356477,2392880,2461927,2547424,2653390,2763140,2831732,2880093,2926168,3005779,3083888,3147727,3207570,3252596,3296367
Estonia,EST,"Population, total",SP.POP.TOTL,1533091,1494128,1462514,1436634,1415594,1399535,1386156,1390244,1396985,1388115,1379350,1370720,1362550,1354775,1346810,1340680,1337090,1334515,1331475,1327439,1322696,1317997
Eswatini,SWZ,"Population, total",SP.POP.TOTL,925165,953451,953737,953573,973587,990734,1005158,1018370,1030496,1041396,1050809,1058797,1065764,1071886,1077735,1084008,1089870,1094886,1099920,1105371,1111444,1118319
Ethiopia,ETH,"Population, total",SP.POP.TOTL,52011554,53791672,55620211,57476536,59347649,61233480,63136493,65077579,67031867,69018932,71073215,73168838,75301026,77469940,79691050,81996185,84357105,86755585,89237791,91817929,94451280,97084366
Faroe Islands,FRO,"Population, total",SP.POP.TOTL,46005,45096,44131,43805,44138,44495,44865,45203,45660,46245,46813,47392,47989,48291,48313,48361,48411,48429,48410,48386,48392,48418
Fiji,FJI,"Population, total",SP.POP.TOTL,786859,789198,790803,792246,796538,804572,813947,823422,832509,841320,849891,858306,866694,874923,883083,890648,896731,901383,905169,908355,911059,913453
Finland,FIN,"Population, total",SP.POP.TOTL,5041992,5066447,5088333,5107790,5124573,5139835,5153498,5165474,5176209,5188008,5200598,5213014,5228172,5246096,5266268,5288720,5313399,5338871,5363352,5388272,5413971,5438972
France,FRA,"Population, total",SP.POP.TOTL,58849943,59106166,59327585,59543659,59756533,59969944,60192790,60504420,60921384,61367388,61816234,62256970,62716306,63188395,63628261,64021737,64379696,64710879,65030575,65345233,65662240,66002289
French Polynesia,PYF,"Population, total",SP.POP.TOTL,219621,223714,227682,231446,235189,239036,242882,246821,250927,255049,259137,263173,267132,271060,274901,278178,280558,282283,283788,285265,286584,288032
Gabon,GAB,"Population, total",SP.POP.TOTL,1037446,1065390,1093611,1121964,1150601,1179806,1209832,1240764,1272935,1306590,1341696,1378398,1417110,1458353,1502534,1549774,1599978,1653542,1711105,1772500,1836705,1902226
"Gambia, The",GMB,"Population, total",SP.POP.TOTL,1127152,1168309,1205882,1242155,1279070,1317002,1356189,1396499,1437539,1479449,1522223,1566257,1612225,1660368,1711294,1764883,1820542,1878119,1937275,1998212,2061014,2124869
Georgia,GEO,"Population, total",SP.POP.TOTL,4873500,4911100,4836076,4657722,4491699,4349913,4243607,4157192,4077131,4014373,3978515,3951736,3927340,3902469,3880347,3860158,3848449,3814419,3786695,3756441,3728874,3717668
Germany,DEU,"Population, total",SP.POP.TOTL,80624598,81156363,81438348,81678051,81914831,82034771,82047195,82100243,82211508,82349925,82488495,82534176,82516260,82469422,82376451,82266372,82110097,81902307,81776930,80274983,80425823,80645605
Ghana,GHA,"Population, total",SP.POP.TOTL,16241548,16643633,17040854,17438874,17844010,18268040,18714708,19176791,19665502,20195577,20758326,21329514,21906444,22496951,23098586,23708320,24326087,24950762,25574719,26205941,26858762,27525597
Gibraltar,GIB,"Population, total",SP.POP.TOTL,26945,27118,27282,27412,27491,27564,27636,27695,27741,27721,27892,28301,28716,29155,29587,29996,30398,30819,31262,31701,32160,32411
Greece,GRC,"Population, total",SP.POP.TOTL,10399061,10460415,10512922,10562153,10608800,10661259,10720509,10761698,10805808,10862132,10902022,10928070,10955141,10987314,11020362,11048473,11077841,11107017,11121341,11104899,11045011,10965211
Greenland,GRL,"Population, total",SP.POP.TOTL,55300,55200,55500,55800,55900,56000,56100,56100,56200,56350,56609,56765,56911,56935,56774,56555,56328,56323,56905,56890,56810,56483
Grenada,GRD,"Population, total",SP.POP.TOTL,101040,102173,103174,104060,104846,105549,106200,106823,107432,107936,108231,108740,109516,110254,110988,111725,112478,113249,114039,114918,115912,116945
Guam,GUM,"Population, total",SP.POP.TOTL,143173,145541,147843,150094,152261,154330,156357,158395,160188,161524,162563,163385,164004,164430,164675,164763,164725,164580,164905,165649,166392,167054
Guatemala,GTM,"Population, total",SP.POP.TOTL,9544055,9790619,10037522,10286786,10536942,10788362,11046215,11311078,11589761,11871565,12147518,12415334,12682108,12948292,13213330,13477017,13739299,14000190,14259687,14521515,14781942,15043981
Guinea,GIN,"Population, total",SP.POP.TOTL,6832195,7046097,7262112,7468347,7683115,7842806,7992545,8174897,8336967,8445717,8577790,8772254,8961039,9140114,9330625,9547082,9779785,10021323,10270728,10527712,10788692,11055430
Guinea-Bissau,GNB,"Population, total",SP.POP.TOTL,1022904,1056761,1089617,1117222,1140604,1162443,1184071,1206474,1230849,1257380,1285678,1315653,1347009,1379713,1414091,1450572,1488431,1527196,1567220,1609017,1652717,1697753
Guyana,GUY,"Population, total",SP.POP.TOTL,744998,747189,749546,751689,753571,755211,756697,758014,759051,759809,760323,760562,760424,759709,758367,756521,754150,751258,747932,744230,743966,747420
Haiti,HTI,"Population, total",SP.POP.TOTL,7205780,7345940,7486091,7627316,7770593,7915172,8060896,8208941,8360225,8511728,8661546,8812245,8961489,9111900,9266288,9420826,9575247,9730638,9842880,9954312,10108539,10261206
Honduras,HND,"Population, total",SP.POP.TOTL,5344774,5496841,5652934,5812832,5976550,6144112,6308537,6477365,6656725,6837861,7019908,7201881,7383407,7564613,7745200,7924462,8101777,8277302,8450933,8622504,8792367,8960657
"Hong Kong SAR, China",HKG,"Population, total",SP.POP.TOTL,5800500,5901000,6035400,6156100,6435500,6489300,6543700,6606500,6665000,6714300,6744100,6730800,6783500,6813200,6857100,6916300,6957800,6972800,7024200,7071600,7150100,7178900
Hungary,HUN,"Population, total",SP.POP.TOTL,10369341,10357523,10343355,10328965,10311238,10290486,10266570,10237530,10210971,10187576,10158608,10129552,10107146,10087065,10071370,10055780,10038188,10022650,10000023,9971727,9920362,9893082
Iceland,ISL,"Population, total",SP.POP.TOTL,261057,263725,266021,267468,268916,271128,274047,277381,281205,284968,287523,289521,292074,296734,303782,311566,317414,318499,318041,319014,320716,323764
India,IND,"Population, total",SP.POP.TOTL,907574049,926351297,945261958,964279129,983281218,1002335230,1021434576,1040500054,1059633675,1078970907,1098313039,1117415123,1136264583,1154638713,1172373788,1189691809,1206734806,1223640160,1240613620,1257621191,1274487215,1291132063
Indonesia,IDN,"Population, total",SP.POP.TOTL,188558416,191737287,194928533,198140162,201373791,204628007,207855486,210996910,214072421,217112437,220115092,223080121,225938595,228805144,231797427,234858289,237936543,240981299,244016173,247099697,250222695,253275918
"Iran, Islamic Rep.",IRN,"Population, total",SP.POP.TOTL,59372016,59755430,59985749,60794809,61598378,62480533,63461421,64474745,65544383,66674851,67327117,67954699,69061674,70182594,71275760,72319418,73318394,74322685,75373855,76342971,77324451,78458928
Iraq,IRQ,"Population, total",SP.POP.TOTL,18385673,19295818,20248073,20948858,21639332,22330770,23053488,23820734,24628858,25425663,26255343,27068823,27858948,28698684,28905607,28660887,29218381,30289040,31264875,32378061,33864447,35481800
Ireland,IRL,"Population, total",SP.POP.TOTL,3558430,3576261,3590386,3608841,3637510,3674171,3712696,3754786,3805174,3866243,3931947,3996521,4070262,4159914,4273591,4398942,4489544,4535375,4560155,4580084,4599533,4623816
Isle of Man,IMN,"Population, total",SP.POP.TOTL,70307,70710,71094,71454,71981,72793,73727,74668,75562,76398,77183,77939,78677,79415,80228,81100,81997,82915,83828,84350,84338,84144
Israel,ISR,"Population, total",SP.POP.TOTL,5123000,5261000,5399000,5545000,5692000,5836000,5971000,6125000,6289000,6439000,6570000,6689700,6809000,6930100,7053700,7180100,7308800,7485600,7623600,7765800,7910500,8059500
Italy,ITA,"Population, total",SP.POP.TOTL,56797087,56831821,56843400,56844303,56860281,56890372,56906744,56916317,56942108,56974100,57059007,57313203,57685327,57969484,58143979,58438310,58826731,59095365,59277417,59379449,59539717,60233948
Jamaica,JAM,"Population, total",SP.POP.TOTL,2434574,2459062,2484182,2509372,2532894,2554954,2576567,2596271,2612205,2625405,2638244,2651027,2664024,2676863,2689660,2701221,2711373,2722401,2733896,2746169,2759817,2773129
Japan,JPN,"Population, total",SP.POP.TOTL,124425000,124829000,125178000,125472000,125757000,126057000,126400000,126631000,126843000,127149000,127445000,127718000,127761000,127773000,127854000,128001000,128063000,128047000,128070000,127833000,127629000,127445000
Jordan,JOR,"Population, total",SP.POP.TOTL,3866887,4075759,4278166,4458195,4608676,4733665,4844403,4950775,5056174,5163310,5275532,5396117,5532423,5678534,6075548,6473457,6632873,6780493,6931258,7109980,7211863,7694814
Kazakhstan,KAZ,"Population, total",SP.POP.TOTL,16439095,16380672,16145766,15816243,15578227,15334405,15071640,14928374,14883626,14858335,14858948,14909019,15012984,15147029,15308085,15484192,15776938,16092822,16321872,16557202,16792090,17035551
Kenya,KEN,"Population, total",SP.POP.TOTL,24655723,25391830,26133744,26878347,27615736,28364264,29137373,29965129,30851606,31800343,32779823,33767122,34791836,35843010,36925253,38036793,39186895,40364444,41517895,42635144,43725806,44792368
Kiribati,KIR,"Population, total",SP.POP.TOTL,77901,79093,80264,81481,82832,84308,85805,87289,88826,90531,92400,94302,96224,98164,100083,101998,103966,105996,107995,109871,111618,113311
"Korea, Dem. People's Rep.",PRK,"Population, total",SP.POP.TOTL,21439991,21773017,22105225,22385536,22614347,22827373,23023636,23204498,23367059,23512522,23638411,23781707,23948930,24100982,24235761,24356506,24469047,24581509,24686435,24783789,24887770,25001819
"Korea, Rep.",KOR,"Population, total",SP.POP.TOTL,43747962,44194628,44641540,45092991,45524681,45953580,46286503,46616677,47008111,47370164,47644736,47892330,48082519,48184561,48438292,48683638,49054708,49307835,49554112,49936638,50199853,50428893
Kosovo,XKX,"Population, total",SP.POP.TOTL,1932000,1965000,1997000,2029000,2059000,2086000,1966000,1762000,1700000,1701154,1702310,1703466,1704622,1705780,1719536,1733404,1747383,1761474,1775680,1791000,1807106,1818117
Kuwait,KWT,"Population, total",SP.POP.TOTL,1620633,1653645,1641106,1655222,1703318,1761468,1819544,1877427,1934901,1991674,2047364,2101506,2153481,2235403,2363409,2506769,2650930,2795550,2943356,3143825,3394663,3646518
Kyrgyz Republic,KGZ,"Population, total",SP.POP.TOTL,4515400,4516700,4515100,4560400,4628400,4696400,4769000,4840400,4898400,4945100,4990700,5043300,5104700,5162600,5218400,5268400,5318700,5383300,5447900,5514600,5607200,5719600
Lao PDR,LAO,"Population, total",SP.POP.TOTL,4561106,4685296,4807950,4927432,5043914,5150538,5246922,5340056,5430853,5519707,5606101,5689065,5768167,5852970,5946593,6041348,6135861,6229930,6323418,6416327,6508803,6600742
Last Updated: 03/28/2024,,,,,,,,,,,,,,,,,,,,,,,,,
Latvia,LVA,"Population, total",SP.POP.TOTL,2614338,2563290,2520742,2485056,2457222,2432851,2410019,2390482,2367550,2337170,2310173,2287955,2263122,2238799,2218357,2200325,2177322,2141669,2097555,2059709,2034319,2012647
Lebanon,LBN,"Population, total",SP.POP.TOTL,3745407,3818796,3888144,3959640,4034243,4107551,4178784,4250020,4320642,4389200,4446666,4504807,4574797,4643044,4719864,4809608,4887613,4951135,4995800,5045056,5178337,5678851
Lesotho,LSO,"Population, total",SP.POP.TOTL,1858507,1885478,1910642,1934079,1955098,1972579,1985639,1994243,1998630,1999473,1997534,1993030,1985384,1977424,1976780,1983465,1995014,2009169,2022747,2037677,2054718,2073939
Liberia,LBR,"Population, total",SP.POP.TOTL,2052626,2132771,2125198,2142422,2203966,2383300,2639224,2789743,2895224,2981648,3060599,3085173,3122447,3266318,3455397,3632740,3783887,3905066,4019956,4181150,4331740,4427313
Libya,LBY,"Population, total",SP.POP.TOTL,4444820,4544970,4641296,4733063,4820066,4902346,4980962,5057998,5154790,5275916,5405326,5542641,5687563,5837986,5973369,6097177,6228370,6360191,6491988,6188132,5869870,5985221
Liechtenstein,LIE,"Population, total",SP.POP.TOTL,29581,30012,30447,30890,31337,31770,32190,32615,33026,33376,33693,34000,34300,34603,34889,35150,35401,35675,35926,36189,36505,36806
Lithuania,LTU,"Population, total",SP.POP.TOTL,3700114,3682613,3657144,3629102,3601613,3575137,3549331,3524238,3499536,3470818,3443067,3415213,3377075,3322528,3269909,3231294,3198231,3162916,3097282,3028115,2987773,2957689
Luxembourg,LUX,"Population, total",SP.POP.TOTL,392175,397475,402925,408625,414225,419450,424700,430475,436300,441525,446175,451630,458095,465158,472637,479993,488650,497783,506953,518347,530946,543360
"Macao SAR, China",MAC,"Population, total",SP.POP.TOTL,372370,380712,388779,396641,404297,411700,418776,425518,431896,439122,449665,462533,475529,488619,501863,515330,529038,543021,557297,571003,582766,593374
Madagascar,MDG,"Population, total",SP.POP.TOTL,12623342,13020100,13436121,13869138,14317454,14778903,15250934,15730885,16216431,16709665,17211934,17724310,18250774,18792171,19350299,19924958,20513599,21117092,21731053,22348158,22966240,23588073
Malawi,MWI,"Population, total",SP.POP.TOTL,10115420,10257233,10131799,10112816,10310528,10512678,10732456,10973956,11229387,11498818,11784498,12087965,12411342,12755648,13118307,13495463,13889423,14298932,14718422,15146094,15581251,16024775
Malaysia,MYS,"Population, total",SP.POP.TOTL,18526708,19050077,19588703,20136888,20689051,21249178,21810542,22368655,22945150,23542517,24142445,24739411,25333247,25923536,26509413,27092604,27664296,28217204,28717731,29184133,29660212,30134807
Maldives,MDV,"Population, total",SP.POP.TOTL,239136,245845,252201,258208,263841,269040,273796,278111,282507,287324,292284,297226,302135,307018,314401,325126,336883,349037,361575,374440,387539,400728
Mali,MLI,"Population, total",SP.POP.TOTL,9310572,9506510,9711797,9921094,10131906,10359301,10620475,10916993,11239101,11583824,11952660,12342165,12751995,13180551,13623541,14080912,14551117,15032635,15529181,16039734,16514687,17004033
Malta,MLT,"Population, total",SP.POP.TOTL,367618,371308,374797,377419,379905,382791,385287,387578,390087,393028,395969,398582,401268,403834,405308,406724,409379,412477,414508,416268,420028,425967
Marshall Islands,MHL,"Population, total",SP.POP.TOTL,48015,48944,49840,50702,51538,52358,53164,53834,54224,54413,54496,54493,54435,54337,54208,54038,53816,53593,53416,52971,52203,51352
Mauritania,MRT,"Population, total",SP.POP.TOTL,2147527,2237064,2315191,2380341,2428816,2484278,2550501,2620611,2695003,2761823,2821703,2883326,2946575,3012360,3081229,3153508,3233336,3322616,3419461,3524249,3636113,3742959
Mauritius,MUS,"Population, total",SP.POP.TOTL,1084441,1097374,1112846,1122457,1133996,1148284,1160421,1175267,1186873,1196287,1204621,1213370,1221003,1228254,1233996,1239630,1244121,1247429,1250400,1252404,1255882,1258927
Mexico,MEX,"Population, total",SP.POP.TOTL,84993164,86648447,88314424,89969572,91586555,93183094,94767284,96334810,97873442,99394288,100917081,102429341,103945813,105442402,106886790,108302973,109684489,111049428,112532401,114150481,115755909,117290686
"Micronesia, Fed. Sts.",FSM,"Population, total",SP.POP.TOTL,102893,106030,108844,110328,110785,111133,111406,111539,111709,111948,111992,111805,111438,110940,110301,109532,108704,107868,107588,107887,108232,108609
Moldova,MDA,"Population, total",SP.POP.TOTL,2975621,2974817,2967585,2953200,2947293,2936413,2935227,2930622,2924668,2918135,2911385,2903198,2896023,2888985,2880967,2874299,2868833,2865213,2862354,2860699,2860324,2859558
Monaco,MCO,"Population, total",SP.POP.TOTL,30794,31024,31253,31482,31719,31968,32209,32394,32465,32444,32386,32316,32236,32141,32011,31823,31862,32401,33178,33945,34700,35425
Mongolia,MNG,"Population, total",SP.POP.TOTL,2236494,2270311,2301510,2330334,2357033,2381771,2405148,2428488,2450979,2472601,2494617,2516454,2537949,2559255,2581242,2605643,2633887,2666713,2702520,2743938,2792349,2845153
Montenegro,MNE,"Population, total",SP.POP.TOTL,608516,610170,611389,611712,611003,609520,607662,606001,604950,607389,609828,612267,613353,614261,615025,615875,616969,618294,619428,620079,620601,621207
Morocco,MAR,"Population, total",SP.POP.TOTL,25400676,25806777,26201551,26599048,26999093,27397118,27791825,28176997,28554415,28930097,29301817,29661270,30033125,30431902,30833022,31232633,31634992,32042877,32464865,32903699,33352169,33803527
Mozambique,MOZ,"Population, total",SP.POP.TOTL,13816881,14206254,14912873,15594830,16079553,16521724,16923195,17337893,17768505,18220716,18694946,19186754,19694411,20211114,20735982,21280513,21845571,22436660,23073723,23760421,24487611,25251731
Myanmar,MMR,"Population, total",SP.POP.TOTL,41237813,41788302,42337109,42880186,43423369,43972046,44516185,45041636,45538332,46014826,46480230,46924293,47338446,47724471,48088274,48445647,48729486,49015836,49390988,49794522,50218185,50648334
Namibia,NAM,"Population, total",SP.POP.TOTL,1461687,1509834,1558449,1605370,1650066,1693242,1735953,1778277,1819141,1856402,1888525,1915425,1939406,1962865,1986558,2011492,2038552,2067919,2099271,2132340,2167470,2204510
Nauru,NRU,"Population, total",SP.POP.TOTL,10129,10226,10274,10316,10345,10363,10377,10383,10377,10363,10351,10344,10335,10318,10294,10267,10243,10233,10241,10283,10444,10694
Nepal,NPL,"Population, total",SP.POP.TOTL,20702133,21267359,21794751,22305571,22783969,23249417,23703328,24143157,24559500,24956071,25332178,25682908,26003965,26285110,26518971,26713655,26881544,27026941,27161567,27266399,27330694,27381555
Netherlands,NLD,"Population, total",SP.POP.TOTL,15184166,15290368,15382838,15459006,15530498,15610650,15707209,15812088,15925513,16046180,16148929,16225302,16281779,16319868,16346101,16381696,16445593,16530388,16615394,16693074,16754962,16804432
New Caledonia,NCL,"Population, total",SP.POP.TOTL,179799,184496,189482,193816,197564,201418,205279,209214,213230,217324,221490,225296,228750,232250,235750,239250,242750,245950,249750,254350,259000,263650
New Zealand,NZL,"Population, total",SP.POP.TOTL,3531700,3572200,3620000,3673400,3732000,3781300,3815000,3835100,3857700,3880500,3948500,4027200,4087500,4133900,4184600,4223800,4259800,4302600,4350700,4384000,4408100,4442100
Nicaragua,NIC,"Population, total",SP.POP.TOTL,4427172,4526689,4625260,4721929,4812391,4895962,4974552,5049878,5123222,5192764,5259006,5323062,5386223,5454678,5529811,5607453,5687744,5770639,5855734,5942553,6030607,6119379
Niger,NER,"Population, total",SP.POP.TOTL,8907644,9193078,9493324,9813918,10149937,10494201,10854920,11231469,11622665,12031430,12456517,12900790,13366885,13855221,14365168,14897873,15455175,16037915,16647543,17283112,17954407,18653199
Nigeria,NGA,"Population, total",SP.POP.TOTL,100182045,102775465,105456121,108187610,110956183,113791181,116690527,119695565,122851984,126152678,129583026,133119801,136756848,140490722,144329764,148294028,152382506,156595758,160952853,165463745,170075932,174726123
North Macedonia,MKD,"Population, total",SP.POP.TOTL,2018023,1996893,1982458,1983964,1994226,1996869,2007523,2017142,2026350,2034882,2020157,2026773,2032544,2036855,2040228,2043559,2046898,2050671,2055004,2058539,2061044,2064032
Northern Mariana Islands,MNP,"Population, total",SP.POP.TOTL,48128,47948,47780,48717,53367,60817,68501,76237,80338,79479,77162,74623,71898,69025,66060,63050,60032,57056,54087,52520,52359,52141
Norway,NOR,"Population, total",SP.POP.TOTL,4286401,4311991,4336613,4359184,4381336,4405157,4431464,4461913,4490967,4513751,4538159,4564855,4591910,4623291,4660677,4709153,4768212,4828726,4889252,4953088,5018573,5079623
Oman,OMN,"Population, total",SP.POP.TOTL,1985227,2071868,2133675,2172672,2209958,2245588,2279727,2312600,2344253,2374653,2403659,2431600,2468855,2515192,2560649,2605700,2651028,2697537,2881914,3206870,3535579,3816680
Pakistan,PAK,"Population, total",SP.POP.TOTL,122375179,125546615,129245139,133117476,137234810,141330267,145476106,149694462,154369924,159217727,163262807,166876680,170648620,174372098,178069984,181924521,185931955,190123222,194454498,198602738,202205861,205337562
Palau,PLW,"Population, total",SP.POP.TOTL,16004,16380,16770,17209,17732,18297,18852,19380,19726,19828,19851,19880,19907,19831,19619,19366,19102,18826,18540,18240,17946,17805
Panama,PAN,"Population, total",SP.POP.TOTL,2554382,2607499,2661385,2716067,2771606,2827992,2885177,2943120,3001731,3061024,3120990,3181608,3243311,3305868,3368573,3431614,3495276,3559343,3623617,3688674,3754862,3821556
Papua New Guinea,PNG,"Population, total",SP.POP.TOTL,4136644,4291588,4451694,4616439,4785895,4960439,5138829,5321388,5508297,5698489,5892596,6090980,6293166,6498818,6708217,6921066,7137988,7358890,7583269,7806637,8026545,8245627
Paraguay,PRY,"Population, total",SP.POP.TOTL,4277051,4386202,4495301,4603917,4711655,4818289,4923449,5026031,5123819,5211541,5286512,5353254,5416324,5476878,5534675,5590145,5645148,5702574,5768613,5843939,5923322,6005652
Peru,PER,"Population, total",SP.POP.TOTL,23047248,23513882,23983258,24449055,24907304,25365386,25818226,26252239,26654439,27014909,27334503,27623341,27893911,28147267,28381078,28600387,28806185,29009326,29229572,29477721,29749589,30038809
Philippines,PHL,"Population, total",SP.POP.TOTL,64543525,66083321,67650283,69250468,70944969,72718837,74491918,76249064,77958223,79626086,81285572,82942837,84607501,86261250,87901835,89561377,91252326,92946951,94636700,96337913,98032317,99700107
Poland,POL,"Population, total",SP.POP.TOTL,38363667,38461408,38542652,38594998,38624370,38649660,38663481,38660271,38258629,38248076,38230364,38204570,38182222,38165445,38141267,38120560,38125759,38151603,38042794,38063255,38063164,38040196
Portugal,PRT,"Population, total",SP.POP.TOTL,9952494,9964675,9991525,10026176,10063945,10108977,10160196,10217828,10289898,10362722,10419631,10458821,10483861,10503330,10522288,10542964,10558177,10568247,10573100,10557560,10514844,10457295
Puerto Rico,PRI,"Population, total",SP.POP.TOTL,3585176,3615497,3649237,3683103,3724655,3759430,3781101,3800081,3810605,3818774,3823701,3826095,3826878,3821362,3805214,3782995,3760866,3740410,3721525,3678732,3634488,3593077
Qatar,QAT,"Population, total",SP.POP.TOTL,471293,486041,500683,515133,529265,550591,580997,613302,645937,678831,713186,748525,777943,848710,1015060,1231893,1444277,1610274,1713504,1804171,1905660,2035501
Romania,ROU,"Population, total",SP.POP.TOTL,22794284,22763280,22730211,22684270,22619004,22553978,22507344,22472040,22442971,22131970,21730496,21574326,21451748,21319685,21193760,20882982,20537875,20367487,20246871,20147528,20058035,19983693
Russian Federation,RUS,"Population, total",SP.POP.TOTL,148538197,148458777,148407912,148375787,148160129,147915361,147670784,147214776,146596869,145976482,145306497,144648618,144067316,143518814,143049637,142805114,142742366,142785349,142849468,142960908,143201721,143506995
Rwanda,RWA,"Population, total",SP.POP.TOTL,7657208,7904740,6732665,5686897,6715510,7666732,7914645,8009587,8109989,8223941,8372306,8567992,8791853,9026299,9270066,9523168,9781996,10043737,10309031,10576932,10840334,11101350
Samoa,WSM,"Population, total",SP.POP.TOTL,169799,171362,173107,174902,176713,178543,180385,182211,184008,185530,186630,187440,188073,188626,189379,190478,191787,193176,194672,196351,198124,199939
San Marino,SMR,"Population, total",SP.POP.TOTL,23808,24181,24535,24886,25235,25596,25997,26404,26823,27335,27969,28601,29093,29508,29959,30372,30700,31059,31608,32495,33132,33285
Sao Tome and Principe,STP,"Population, total",SP.POP.TOTL,125648,128182,130666,133077,135412,137656,139790,141808,143714,146258,149841,153762,157697,161680,165725,169845,174004,178128,182138,186044,189924,193757
Saudi Arabia,SAU,"Population, total",SP.POP.TOTL,17281350,17846461,18367528,18888857,19410280,19938377,20472580,21009660,21547390,22085929,22623415,23150847,23661808,24397644,25382870,26400068,27437353,28483797,29411929,30150945,30821543,31482498
Senegal,SEN,"Population, total",SP.POP.TOTL,7974514,8196551,8416997,8632681,8843423,9051539,9261526,9478564,9704287,9938027,10180950,10434504,10698691,10974057,11263387,11563869,11872929,12195029,12530121,12875880,13231833,13595566
Serbia,SRB,"Population, total",SP.POP.TOTL,7646424,7699307,7734639,7625357,7617794,7596501,7567745,7540401,7516346,7503433,7496522,7480591,7463157,7440769,7411569,7381579,7350222,7320807,7291436,7234099,7199077,7164132
Seychelles,SYC,"Population, total",SP.POP.TOTL,70763,72253,74205,75304,76417,77319,78846,80410,81131,81202,83723,82781,82475,82858,84600,85033,86956,87298,89770,87441,88303,89949
Sierra Leone,SLE,"Population, total",SP.POP.TOTL,4301566,4295689,4314953,4324149,4347370,4405028,4449975,4475145,4584067,4857096,5140113,5350907,5533329,5683334,5809774,5939163,6090860,6259842,6436698,6612385,6788587,6964859
Singapore,SGP,"Population, total",SP.POP.TOTL,3230698,3313471,3419048,3524506,3670704,3796038,3927213,3958723,4027887,4138012,4175950,4114826,4166664,4265762,4401365,4588599,4839396,4987573,5076732,5183688,5312437,5399162
Sint Maarten (Dutch part),SXM,"Population, total",SP.POP.TOTL,31345,31823,31735,31596,31410,31195,31240,31084,30519,30600,30777,31472,32488,33011,33441,33811,33964,34238,34056,33435,34640,36607
Slovak Republic,SVK,"Population, total",SP.POP.TOTL,5305016,5325305,5346331,5361999,5373361,5383291,5390516,5396020,5388720,5378867,5376912,5373374,5372280,5372807,5373054,5374622,5379233,5386406,5391428,5398384,5407579,5413393
Slovenia,SVN,"Population, total",SP.POP.TOTL,1996498,1991746,1989443,1989872,1988628,1985956,1981629,1983045,1988925,1992060,1994530,1995733,1997012,2000474,2006868,2018122,2021316,2039669,2048583,2052843,2057159,2059953
Solomon Islands,SLB,"Population, total",SP.POP.TOTL,343916,354086,364505,375189,386069,397050,408145,419229,429978,440395,450760,461216,471785,482486,493430,504619,516001,527833,540394,553721,567763,582365
Somalia,SOM,"Population, total",SP.POP.TOTL,6428141,6620729,6959828,7210930,7472450,7734313,8056862,8384479,8721465,9070747,9411103,9758281,10117354,10467292,10784973,11118092,11444870,11730037,12026649,12216837,12440326,12852485
South Africa,ZAF,"Population, total",SP.POP.TOTL,41760755,42525440,43267982,43986084,44661603,45285048,45852166,46364681,46813266,47229714,47661514,48104048,48556071,49017147,49491756,49996094,50565812,51170779,51784921,52443325,53145033,53873616
South Sudan,SSD,"Population, total",SP.POP.TOTL,4956969,5018172,5142863,5302042,5434894,5589410,5699436,5850145,6114440,6394431,6686100,6992367,7317118,7662654,8029517,8417823,8823888,9229227,9714419,10243050,10701604,11106031
Spain,ESP,"Population, total",SP.POP.TOTL,39157685,39361262,39549108,39724050,39889852,40057389,40223509,40386875,40567864,40850412,41431558,42187645,42921895,43653155,44397319,45226803,45954106,46362946,46576897,46742697,46773055,46620045
Sri Lanka,LKA,"Population, total",SP.POP.TOTL,17624457,17825611,18011744,18177572,18322506,18449123,18560798,18670411,18776371,18920275,19110707,19303180,19490431,19673866,19870706,20078655,20285643,20482477,20668557,20859743,21017147,21131756
St. Kitts and Nevis,KNA,"Population, total",SP.POP.TOTL,40900,41447,42001,42550,43097,43656,44230,44825,45461,45986,46264,46431,46580,46725,46874,47015,47156,47286,47403,47581,47727,47767
St. Lucia,LCA,"Population, total",SP.POP.TOTL,146420,148595,150561,152348,153969,155454,156855,158256,159500,160594,161799,163047,164239,165386,166470,167518,168576,169688,170935,172145,173124,173978
St. Martin (French part),MAF,"Population, total",SP.POP.TOTL,29035,29247,29380,29435,29407,29299,29102,29099,29610,30387,31160,31929,32697,33452,34183,34887,35541,36132,36458,36350,36026,35639
St. Vincent and the Grenadines,VCT,"Population, total",SP.POP.TOTL,113222,113621,113944,114174,114290,114276,114165,113995,113813,113641,113450,113108,112608,112043,111427,110824,110316,109840,109308,108703,108083,107450
Sudan,SDN,"Population, total",SP.POP.TOTL,21780059,22163251,22703631,23290602,23862258,24454372,25029144,25634162,26298773,26947253,27570318,28188977,28831550,29540577,30332968,31191163,32065241,32948155,33739933,34419624,35159792,35990704
Suriname,SUR,"Population, total",SP.POP.TOTL,419521,422375,426548,434490,443834,452887,461749,470458,478998,487394,495666,503780,510572,516220,522023,527946,533938,539987,546080,552146,558111,563947
Sweden,SWE,"Population, total",SP.POP.TOTL,8668067,8718561,8780745,8826939,8840998,8846062,8850974,8857874,8872109,8895960,8924958,8958229,8993531,9029572,9080505,9148092,9219637,9298515,9378126,9449213,9519374,9600379
Switzerland,CHE,"Population, total",SP.POP.TOTL,6875364,6938265,6993795,7040687,7071850,7088906,7110001,7143991,7184250,7229854,7284753,7339001,7389625,7437115,7483934,7551117,7647675,7743831,7824909,7912398,7996861,8089346
Syrian Arab Republic,SYR,"Population, total",SP.POP.TOTL,13156406,13537060,13922626,14313450,14708879,15103996,15500542,15901201,16307654,16727948,17164021,17611356,18084007,18583557,19432009,20703005,21474059,21827220,22337563,22730733,22605577,21495821
Tajikistan,TJK,"Population, total",SP.POP.TOTL,5656208,5717806,5803993,5916173,6035600,6117069,6156805,6189565,6272998,6408810,6541755,6672492,6801204,6929145,7057417,7188391,7324627,7468596,7621779,7784819,7956382,8136610
Tanzania,TZA,"Population, total",SP.POP.TOTL,27580723,28469017,29598323,30560071,31140733,31785846,32626498,33499772,34463704,35414469,36353531,37333918,38360879,39439505,40562052,41716497,42870884,43957933,45110527,46416031,47786137,49253643
Thailand,THA,"Population, total",SP.POP.TOTL,56939020,57776082,58610010,59424834,60211096,60989108,61745217,62442651,63066603,63649892,64222580,64776956,65311166,65821360,66319525,66826754,67328239,67813654,68270489,68712846,69157023,69578602
Timor-Leste,TLS,"Population, total",SP.POP.TOTL,783705,795179,807115,819226,831269,843341,855409,866649,878360,893001,909639,926721,945989,969313,994564,1019362,1043076,1065540,1088486,1112976,1137676,1161555
Togo,TGO,"Population, total",SP.POP.TOTL,4106219,4078392,4092612,4279566,4445883,4592550,4728297,4867941,5008035,5145426,5281538,5421001,5565218,5711597,5874240,6047537,6222482,6398624,6571855,6748672,6926635,7106229
Tonga,TON,"Population, total",SP.POP.TOTL,99260,99492,99731,99977,100195,100658,101343,101982,102603,103210,103804,104410,105036,105633,106190,106638,106932,107144,107383,107611,107502,107089
Trinidad and Tobago,TTO,"Population, total",SP.POP.TOTL,1285502,1293974,1301393,1307822,1313434,1318171,1322572,1327063,1332203,1338567,1345964,1353548,1361172,1369075,1376919,1384861,1392803,1401191,1410296,1420020,1430377,1440729
Tunisia,TUN,"Population, total",SP.POP.TOTL,8802540,8977173,9143141,9294102,9430550,9557948,9677148,9788067,9893316,9995123,10094561,10193798,10292225,10388344,10483558,10580395,10680380,10784504,10895063,11032528,11174383,11300284
Turkiye,TUR,"Population, total",SP.POP.TOTL,56302037,57296008,58310245,59305490,60293786,61277426,62242204,63185615,64113547,65072018,65988663,66867327,67785075,68704715,69601333,70158112,71051678,72039206,73142150,74223629,75175827,76147624
Turkmenistan,TKM,"Population, total",SP.POP.TOTL,3926369,4031698,4133037,4226623,4301093,4363672,4431517,4501079,4569132,4635094,4698968,4758988,4819792,4885775,4954029,5024894,5100083,5180957,5267970,5360811,5458682,5560095
Turks and Caicos Islands,TCA,"Population, total",SP.POP.TOTL,13014,13704,14402,15101,15806,16515,17239,17984,18744,19578,20598,21739,22869,23995,25128,26268,27422,28581,29726,30816,32081,33594
Tuvalu,TUV,"Population, total",SP.POP.TOTL,9466,9517,9559,9585,9611,9630,9634,9640,9638,9621,9609,9668,9791,9912,10030,10149,10272,10408,10550,10700,10854,10918
Uganda,UGA,"Population, total",SP.POP.TOTL,18801966,19462958,20125021,20680831,21249572,21876935,22537658,23279247,24020697,24763325,25545090,26354736,27146084,27946588,28773227,29629804,30509862,31412520,32341728,33295738,34273295,35273570
Ukraine,UKR,"Population, total",SP.POP.TOTL,52150400,52179200,51921400,51512800,51057800,50594600,50144500,49674000,49176500,48662400,48202470,47812949,47451626,47105171,46787786,46509355,46258189,46053331,45870741,45706086,45593342,45489648
United Arab Emirates,ARE,"Population, total",SP.POP.TOTL,2116231,2223284,2329024,2433988,2572735,2746119,2921130,3097563,3275333,3454198,3633655,3813443,3993339,4280993,4898954,5872624,6988685,7992644,8481771,8575205,8664969,8751847
United Kingdom,GBR,"Population, total",SP.POP.TOTL,57580402,57718614,57865745,58019030,58166950,58316954,58487141,58682466,58892514,59119673,59370479,59647577,59987905,60401206,60846820,61322463,61806995,62276270,62766365,63258810,63700215,64128273
United States,USA,"Population, total",SP.POP.TOTL,256514000,259919000,263126000,266278000,269394000,272657000,275854000,279040000,282162411,284968955,287625193,290107933,292805298,295516599,298379912,301231207,304093966,306771529,309327143,311583481,313877662,316059947
Uruguay,URY,"Population, total",SP.POP.TOTL,3153732,3171747,3189945,3208300,3226633,3245069,3262683,3278963,3292224,3300939,3306441,3310202,3313801,3317665,3322282,3328651,3336126,3344156,3352651,3361637,3371133,3381180
Uzbekistan,UZB,"Population, total",SP.POP.TOTL,21449000,21942000,22377000,22785000,23225000,23667000,24051000,24311650,24650400,24964450,25271850,25567650,25864350,26167000,26488250,26868000,27302800,27767400,28562400,29339400,29774500,30243200
Vanuatu,VUT,"Population, total",SP.POP.TOTL,158577,162548,166560,170612,174714,178871,183088,187432,192074,197034,202125,207258,212422,217632,222923,228345,233952,239689,245453,251294,257313,263534
"Venezuela, RB",VEN,"Population, total",SP.POP.TOTL,20700461,21172100,21640833,22107286,22572110,23037561,23503819,23966960,24427729,24880203,25330929,25782029,26226927,26668785,27102081,27525097,27933833,28327892,28715022,29096159,29470426,29838021
Viet Nam,VNM,"Population, total",SP.POP.TOTL,69788747,71176405,72501087,73759110,74946448,76058603,77128424,78123713,79001142,79817777,80642308,81475825,82311227,83142095,83951800,84762269,85597241,86482923,87411012,88349117,89301326,90267739
Virgin Islands (U.S.),VIR,"Population, total",SP.POP.TOTL,105712,106578,107318,107818,108095,108357,108537,108599,108642,108549,108509,108505,108466,108453,108369,108337,108397,108404,108357,108290,108188,108041
West Bank and Gaza,PSE,"Population, total",SP.POP.TOTL,2163591,2262676,2366298,2474666,2587997,2706518,2776568,2848431,2922153,2997784,3075373,3154969,3236626,3320396,3406334,3494496,3591977,3689099,3786161,3882986,3979998,4076708
"Yemen, Rep.",YEM,"Population, total",SP.POP.TOTL,14433771,14988047,15553171,16103339,16614326,17108681,17608133,18114552,18628700,19143457,19660653,20188799,20733406,21320671,21966298,22641538,23329004,24029589,24743946,25475610,26223391,26984002
Zambia,ZMB,"Population, total",SP.POP.TOTL,8074337,8270917,8474216,8684135,8902019,9133156,9372430,9621238,9891136,10191964,10508294,10837973,11188040,11564870,11971567,12402073,12852966,13318087,13792086,14265814,14744658,15234976
Zimbabwe,ZWE,"Population, total",SP.POP.TOTL,10641501,10794918,10858594,10994041,11178171,11362401,11548364,11716454,11834676,11910978,11984644,12075828,12160881,12224753,12330490,12450568,12550347,12679810,12839771,13025785,13265331,13555422
